FIR_BP_sample,Moving_Averaged_sample,Deriv_sample,peak,sample_number
1736,1544,-77,0,0
1734,1542,-99,0,1
1731,1542,-120,0,2
1728,1542,-139,0,3
1725,1544,-155,0,4
1723,1547,-168,0,5
1722,1551,-179,0,6
1724,1554,-187,0,7
1726,1556,-193,0,8
1730,1554,-196,0,9
1735,1546,-199,0,10
1741,1531,-202,0,11
1746,1508,-205,0,12
1750,1477,-211,0,13
1753,1439,-219,0,14
1753,1394,-230,0,15
1752,1344,-246,0,16
1749,1290,-264,0,17
1744,1236,-286,0,18
1739,1184,-309,0,19
1734,1137,-335,0,20
1731,1098,-361,0,21
1729,1066,-388,0,22
1730,1042,-413,0,23
1733,1027,-437,0,24
1737,1018,-460,0,25
1743,1015,-480,0,26
1749,1015,-498,0,27
1755,1015,-512,0,28
1759,1013,-525,0,29
1761,1005,-534,0,30
1761,991,-539,0,31
1761,967,-541,0,32
1761,934,-540,0,33
1760,890,-534,0,34
1761,838,-526,0,35
1764,780,-513,0,36
1768,715,-498,0,37
1773,647,-480,0,38
1780,579,-461,0,39
1787,513,-440,0,40
1794,451,-420,0,41
1800,394,-402,0,42
1805,343,-385,0,43
1808,301,-372,0,44
1811,267,-362,0,45
1811,240,-355,0,46
1811,221,-351,0,47
1809,209,-350,0,48
1806,202,-351,0,49
1804,197,-353,0,50
1802,196,-354,0,51
1801,195,-355,0,52
1801,196,-353,0,53
1802,196,-349,0,54
1804,195,-341,0,55
1806,193,-329,0,56
1809,190,-313,0,57
1810,186,-293,0,58
1811,181,-271,0,59
1811,175,-247,0,60
1811,169,-221,0,61
1809,163,-195,0,62
1809,156,-170,0,63
1809,150,-147,0,64
1810,144,-126,0,65
1812,139,-108,0,66
1814,134,-92,0,67
1816,130,-80,0,68
1815,126,-71,0,69
1813,123,-66,0,70
1808,120,-62,0,71
1801,116,-61,0,72
1793,113,-60,0,73
1784,109,-61,0,74
1775,106,-62,0,75
1767,103,-63,0,76
1761,99,-64,0,77
1756,96,-64,0,78
1752,92,-63,0,79
1747,88,-62,0,80
1742,84,-60,0,81
1735,80,-58,0,82
1726,75,-56,0,83
1715,71,-54,0,84
1703,67,-51,0,85
1689,63,-48,0,86
1675,58,-46,0,87
1661,54,-44,0,88
1647,50,-43,0,89
1634,47,-42,0,90
1620,44,-41,0,91
1607,41,-40,0,92
1595,39,-40,0,93
1583,38,-39,0,94
1572,37,-38,0,95
1562,36,-38,0,96
1553,36,-37,0,97
1545,36,-36,0,98
1539,36,-36,0,99
1533,36,-35,0,100
1527,36,-34,0,101
1522,36,-33,0,102
1517,36,-32,0,103
1512,35,-30,0,104
1507,34,-29,0,105
1503,33,-27,0,106
1499,31,-26,0,107
1496,29,-24,0,108
1495,27,-22,0,109
1493,25,-21,0,110
1493,24,-19,0,111
1492,22,-18,0,112
1492,20,-16,0,113
1492,18,-16,0,114
1492,16,-14,0,115
1492,14,-14,0,116
1493,13,-13,0,117
1495,11,-13,0,118
1497,10,-13,0,119
1501,9,-13,0,120
1505,9,-13,0,121
1509,8,-13,0,122
1513,8,-13,0,123
1517,8,-13,0,124
1519,8,-13,0,125
1521,8,-13,0,126
1521,7,-13,0,127
1520,7,-12,0,128
1518,7,-12,0,129
1515,7,-11,0,130
1512,6,-10,0,131
1510,6,-10,0,132
1509,6,-9,0,133
1509,6,-8,0,134
1510,6,-8,0,135
1513,5,-7,0,136
1517,5,-6,0,137
1521,5,-5,0,138
1526,5,-5,0,139
1530,5,-4,0,140
1534,4,-4,0,141
1538,4,-3,0,142
1541,4,-3,0,143
1544,4,-3,0,144
1546,4,-2,0,145
1548,4,-2,0,146
1549,4,-2,0,147
1551,4,-2,0,148
1552,4,-3,0,149
1553,4,-2,0,150
1553,4,-2,0,151
1554,4,-2,0,152
1554,4,-2,0,153
1554,4,-2,0,154
1554,4,-2,0,155
1554,3,-2,0,156
1555,3,-2,0,157
1555,3,-2,0,158
1555,3,-2,0,159
1556,3,-2,0,160
1556,3,-2,0,161
1556,3,-2,0,162
1557,3,-2,0,163
1557,3,-2,0,164
1557,3,-2,0,165
1558,2,-2,0,166
1558,2,-2,0,167
1559,2,-2,0,168
1560,2,-2,0,169
1561,2,-2,0,170
1562,2,-2,0,171
1563,2,-2,0,172
1563,2,-2,0,173
1563,1,-2,0,174
1563,1,-2,0,175
1563,1,-2,0,176
1564,1,-2,0,177
1565,1,-2,0,178
1566,1,-2,0,179
1567,1,-2,0,180
1567,1,-2,0,181
1567,1,-2,0,182
1566,1,-2,0,183
1565,1,-2,0,184
1563,0,-2,0,185
1562,0,-2,0,186
1561,0,-2,0,187
1562,0,-2,0,188
1564,0,-1,0,189
1567,0,-1,0,190
1570,0,-1,0,191
1575,0,-1,0,192
1578,0,-1,0,193
1581,0,-1,0,194
1582,0,-1,0,195
1582,0,-1,0,196
1581,0,-1,0,197
1579,0,-1,0,198
1576,0,-1,0,199
1574,0,-1,0,200
1573,0,-1,0,201
1573,0,-1,0,202
1574,0,-1,0,203
1576,0,-1,0,204
1578,0,-1,0,205
1580,0,-1,0,206
1581,0,-1,0,207
1582,0,0,0,208
1582,0,0,0,209
1581,0,0,0,210
1580,0,0,0,211
1579,0,0,0,212
1578,0,0,0,213
1577,0,0,0,214
1576,0,0,0,215
1576,0,0,0,216
1576,0,0,0,217
1576,0,0,0,218
1577,0,0,0,219
1577,0,0,0,220
1577,0,0,0,221
1578,0,0,0,222
1578,0,0,0,223
1579,0,0,0,224
1579,0,0,0,225
1581,0,0,0,226
1582,0,0,0,227
1583,0,0,0,228
1585,0,0,0,229
1587,0,0,0,230
1588,0,0,0,231
1589,0,0,0,232
1589,0,0,0,233
1589,0,0,0,234
1589,0,0,0,235
1589,0,0,0,236
1589,0,0,0,237
1590,0,0,0,238
1591,0,0,0,239
1593,0,0,0,240
1595,0,0,0,241
1597,0,0,0,242
1599,0,0,0,243
1600,0,0,0,244
1600,0,0,0,245
1599,0,0,0,246
1597,0,0,0,247
1596,0,0,0,248
1595,0,0,0,249
1594,0,0,0,250
1595,0,0,0,251
1597,0,0,0,252
1600,0,0,0,253
1603,0,0,0,254
1606,0,0,0,255
1609,0,0,0,256
1610,0,0,0,257
1611,0,0,0,258
1610,0,0,0,259
1609,0,0,0,260
1607,0,0,0,261
1606,0,0,0,262
1605,0,0,0,263
1604,0,0,0,264
1604,0,0,0,265
1605,0,0,0,266
1606,0,0,0,267
1608,0,0,0,268
1610,0,0,0,269
1613,0,0,0,270
1617,0,1,0,271
1622,0,1,0,272
1628,0,1,0,273
1635,0,1,0,274
1641,0,1,0,275
1647,0,1,0,276
1651,0,1,0,277
1653,0,1,0,278
1652,1,1,0,279
1649,1,1,0,280
1644,1,1,0,281
1640,1,1,0,282
1636,1,1,0,283
1636,2,1,0,284
1638,2,1,0,285
1644,2,1,0,286
1650,2,1,0,287
1657,3,1,0,288
1660,3,1,0,289
1658,3,1,0,290
1651,3,1,0,291
1638,3,1,0,292
1621,3,1,0,293
1603,3,1,0,294
1585,3,1,0,295
1572,3,1,0,296
1563,3,1,0,297
1560,3,1,0,298
1562,3,1,0,299
1567,3,1,0,300
1574,3,1,0,301
1582,4,1,0,302
1589,4,1,0,303
1594,4,1,0,304
1598,4,1,0,305
1600,4,1,0,306
1600,4,0,0,307
1599,4,0,0,308
1597,4,0,0,309
1595,4,0,0,310
1591,4,0,0,311
1588,4,0,0,312
1586,4,0,0,313
1584,4,0,0,314
1584,4,0,0,315
1586,4,0,0,316
1588,4,1,0,317
1591,4,1,0,318
1594,4,1,0,319
1596,4,1,0,320
1596,4,1,0,321
1596,4,1,0,322
1594,4,1,0,323
1591,4,1,0,324
1587,4,0,0,325
1584,4,0,0,326
1581,4,1,0,327
1580,4,1,0,328
1582,5,1,0,329
1584,5,1,0,330
1588,5,1,0,331
1593,5,1,0,332
1598,5,1,0,333
1601,6,1,0,334
1603,6,1,0,335
1604,6,1,0,336
1604,6,1,0,337
1603,6,1,0,338
1601,6,1,0,339
1600,6,2,0,340
1600,6,3,0,341
1600,6,3,0,342
1601,6,5,0,343
1603,7,7,0,344
1606,7,9,0,345
1609,7,10,0,346
1613,7,11,0,347
1616,8,11,0,348
1620,8,11,0,349
1625,8,11,0,350
1629,8,12,0,351
1633,8,15,0,352
1637,8,20,0,353
1640,8,29,0,354
1642,8,41,0,355
1643,8,56,0,356
1642,10,73,0,357
1641,12,92,0,358
1639,14,111,0,359
1636,18,128,0,360
1634,22,143,0,361
1632,27,153,0,362
1630,30,160,0,363
1629,32,163,0,364
1629,33,164,0,365
1630,33,164,0,366
1631,33,165,0,367
1635,36,171,0,368
1641,43,183,0,369
1649,57,203,0,370
1658,78,230,0,371
1669,108,267,0,372
1679,146,310,0,373
1689,190,360,0,374
1697,237,413,0,375
1702,284,466,0,376
1704,328,517,0,377
1704,364,563,0,378
1701,391,601,0,379
1697,408,629,0,380
1691,416,649,0,381
1685,417,662,0,382
1678,417,666,0,383
1670,422,667,0,384
1651,466,664,0,385
1639,515,667,0,386
1626,585,677,0,387
1612,676,693,0,388
1598,785,716,0,389
1585,910,746,0,390
1574,1042,781,0,391
1567,1175,819,0,392
1562,1302,856,0,393
1561,1416,891,0,394
1563,1511,921,0,395
1567,1585,946,0,396
1572,1637,966,0,397
1578,1670,979,0,398
1583,1685,987,0,399
1587,1690,991,0,400
1589,1690,993,0,401
1591,1692,994,0,402
1592,1702,995,0,403
1593,1726,996,0,404
1595,1766,996,0,405
1597,1825,994,0,406
1601,1903,989,0,407
1604,1998,979,0,408
1607,2105,964,0,409
1608,2219,942,0,410
1608,2336,914,0,411
1605,2450,879,0,412
1600,2557,839,0,413
1593,2653,797,0,414
1586,2733,753,0,415
1579,2797,711,0,416
1573,2844,673,0,417
1570,2876,642,0,418
1567,2895,617,0,419
1564,2905,601,0,420
1559,2908,591,0,421
1550,2908,587,0,422
1534,2908,587,0,423
1513,2910,587,0,424
1486,2916,583,0,425
1459,2926,574,0,426
1439,2942,556,0,427
1434,2962,528,0,428
1454,2985,489,0,429
1509,3010,441,0,430
1604,3035,384,0,431
1741,3060,323,0,432
1912,3082,260,0,433
2108,3101,198,0,434
2311,3117,142,0,435
2500,3130,93,0,436
2655,3141,51,0,437
2759,3149,18,0,438
2798,3155,-7,0,439
2766,3159,-28,0,440
2662,3158,-46,1,441
2494,3152,-66,1,442
2273,3139,-89,0,443
2014,3117,-118,0,444
1735,3087,-153,0,445
1452,3050,-197,0,446
1182,3006,-247,0,447
942,2960,-302,0,448
743,2913,-358,0,449
596,2870,-416,0,450
506,2833,-469,0,451
474,2806,-516,0,452
493,2790,-556,0,453
554,2782,-586,0,454
646,2780,-610,0,455
752,2780,-624,0,456
861,2776,-634,0,457
963,2762,-640,0,458
1050,2732,-646,0,459
1123,2684,-654,0,460
1184,2615,-667,0,461
1239,2526,-685,0,462
1292,2417,-710,0,463
1349,2294,-740,0,464
1413,2162,-775,0,465
1484,2031,-812,0,466
1557,1904,-848,0,467
1628,1790,-882,0,468
1692,1695,-913,0,469
1744,1622,-938,0,470
1781,1570,-957,0,471
1801,1537,-970,0,472
1806,1522,-978,0,473
1800,1517,-982,0,474
1785,1517,-984,0,475
1767,1516,-985,0,476
1748,1506,-986,0,477
1733,1483,-986,0,478
1722,1443,-986,0,479
1716,1385,-985,0,480
1715,1309,-980,0,481
1716,1215,-970,0,482
1718,1110,-956,0,483
1721,997,-934,0,484
1723,882,-907,0,485
1724,769,-872,0,486
1724,663,-834,0,487
1724,569,-792,0,488
1723,490,-750,0,489
1723,426,-710,0,490
1725,380,-674,0,491
1726,348,-644,0,492
1729,328,-621,0,493
1732,319,-606,0,494
1735,315,-596,0,495
1736,315,-592,0,496
1737,315,-592,0,497
1737,313,-593,0,498
1735,307,-593,0,499
1732,296,-589,0,500
1729,281,-580,0,501
1727,260,-564,0,502
1724,237,-541,0,503
1723,211,-510,0,504
1723,183,-473,0,505
1725,156,-431,0,506
1727,130,-386,0,507
1731,106,-340,0,508
1736,86,-294,0,509
1742,70,-252,0,510
1746,57,-214,0,511
1750,48,-182,0,512
1753,42,-157,0,513
1753,38,-138,0,514
1751,35,-125,0,515
1748,34,-117,0,516
1744,34,-114,0,517
1739,34,-112,0,518
1734,34,-112,0,519
1731,34,-113,0,520
1730,34,-112,0,521
1731,34,-110,0,522
1734,34,-106,0,523
1739,34,-100,0,524
1744,34,-92,0,525
1750,34,-83,0,526
1756,34,-72,0,527
1760,34,-61,0,528
1762,35,-50,0,529
1763,35,-40,0,530
1762,36,-30,0,531
1762,36,-22,0,532
1761,36,-16,0,533
1762,36,-11,0,534
1764,35,-8,0,535
1767,35,-6,0,536
1773,34,-5,0,537
1779,33,-4,0,538
1786,33,-4,0,539
1793,32,-5,0,540
1800,32,-6,0,541
1805,32,-6,0,542
1809,31,-6,0,543
1812,31,-7,0,544
1812,31,-7,0,545
1811,31,-8,0,546
1809,31,-8,0,547
1806,31,-8,0,548
1803,31,-8,0,549
1801,30,-8,0,550
1800,30,-8,0,551
1801,29,-8,0,552
1803,28,-8,0,553
1805,27,-9,0,554
1808,26,-9,0,555
1810,24,-9,0,556
1812,23,-9,0,557
1813,21,-9,0,558
1812,20,-9,0,559
1811,19,-8,0,560
1810,17,-8,0,561
1810,17,-8,0,562
1810,16,-8,0,563
1812,15,-8,0,564
1814,15,-8,0,565
1815,15,-8,0,566
1816,15,-8,0,567
1815,15,-8,0,568
1812,15,-8,0,569
1807,15,-8,0,570
1799,15,-8,0,571
1791,15,-8,0,572
1782,15,-7,0,573
1773,14,-7,0,574
1766,14,-7,0,575
1760,14,-6,0,576
1755,14,-6,0,577
1751,14,-6,0,578
1746,14,-5,0,579
1740,14,-5,0,580
1733,14,-4,0,581
1724,14,-4,0,582
1713,13,-4,0,583
1701,13,-3,0,584
1688,13,-3,0,585
1675,13,-3,0,586
1662,13,-3,0,587
1649,13,-3,0,588
1636,13,-3,0,589
1623,13,-3,0,590
1610,13,-4,0,591
1598,13,-4,0,592
1586,13,-4,0,593
1575,13,-4,0,594
1565,12,-4,0,595
1555,12,-4,0,596
1547,12,-4,0,597
1540,11,-4,0,598
1534,11,-4,0,599
1528,11,-4,0,600
1523,10,-5,0,601
1518,10,-5,0,602
1514,9,-5,0,603
1509,9,-5,0,604
1505,8,-5,0,605
1502,8,-4,0,606
1500,8,-4,0,607
1498,7,-4,0,608
1497,7,-4,0,609
1496,6,-4,0,610
1495,6,-4,0,611
1495,5,-5,0,612
1495,5,-5,0,613
1495,4,-5,0,614
1495,4,-5,0,615
1495,4,-5,0,616
1496,4,-5,0,617
1498,3,-5,0,618
1501,3,-5,0,619
1505,3,-5,0,620
1509,3,-5,0,621
1514,3,-5,0,622
1518,3,-5,0,623
1520,3,-4,0,624
1522,3,-4,0,625
1522,3,-4,0,626
1521,3,-4,0,627
1518,3,-4,0,628
1515,2,-4,0,629
1511,2,-4,0,630
1509,2,-3,0,631
1507,2,-3,0,632
1507,2,-3,0,633
1509,1,-3,0,634
1512,1,-2,0,635
1516,1,-2,0,636
1520,1,-2,0,637
1525,0,-2,0,638
1529,0,-2,0,639
1534,0,-2,0,640
1537,0,-2,0,641
1540,0,-2,0,642
1543,0,-2,0,643
1546,0,-2,0,644
1548,0,-2,0,645
1550,0,-2,0,646
1551,0,-2,0,647
1552,0,-2,0,648
1553,0,-2,0,649
1553,0,-2,0,650
1554,0,-2,0,651
1553,0,-1,0,652
1553,0,-1,0,653
1553,0,-1,0,654
1553,0,-1,0,655
1552,0,-1,0,656
1552,0,-1,0,657
1552,0,-1,0,658
1552,0,-1,0,659
1552,0,-1,0,660
1552,0,0,0,661
1552,0,0,0,662
1553,0,0,0,663
1553,0,0,0,664
1554,0,0,0,665
1554,0,0,0,666
1556,0,0,0,667
1557,0,0,0,668
1558,0,0,0,669
1559,0,0,0,670
1559,0,0,0,671
1560,0,0,0,672
1560,0,0,0,673
1560,0,0,0,674
1561,0,0,0,675
1561,0,0,0,676
1562,0,0,0,677
1563,0,0,0,678
1564,0,0,0,679
1564,0,0,0,680
1564,0,0,0,681
1564,0,1,0,682
1563,0,1,0,683
1561,0,1,0,684
1560,0,1,0,685
1560,0,1,0,686
1560,0,1,0,687
1562,0,1,0,688
1565,1,1,0,689
1568,1,1,0,690
1573,1,1,0,691
1576,1,1,0,692
1579,1,1,0,693
1581,2,1,0,694
1581,2,1,0,695
1580,2,1,0,696
1578,2,1,0,697
1576,2,1,0,698
1574,3,1,0,699
1572,3,2,0,700
1572,3,2,0,701
1572,3,2,0,702
1574,3,2,0,703
1576,3,2,0,704
1577,4,2,0,705
1579,4,3,0,706
1580,4,3,0,707
1580,4,3,0,708
1579,4,3,0,709
1578,4,3,0,710
1577,4,3,0,711
1576,4,2,0,712
1576,4,2,0,713
1576,4,2,0,714
1576,5,2,0,715
1576,5,2,0,716
1577,6,2,0,717
1577,6,2,0,718
1578,6,2,0,719
1578,7,2,0,720
1578,7,2,0,721
1579,7,1,0,722
1579,8,1,0,723
1580,8,1,0,724
1581,8,1,0,725
1583,8,1,0,726
1585,8,1,0,727
1586,8,1,0,728
1588,8,1,0,729
1589,8,1,0,730
1589,8,1,0,731
1590,8,1,0,732
1590,8,1,0,733
1589,8,1,0,734
1589,8,1,0,735
1590,8,1,0,736
1591,8,1,0,737
1592,8,1,0,738
1594,8,1,0,739
1596,8,0,0,740
1598,8,0,0,741
1599,8,0,0,742
1600,8,0,0,743
1600,8,0,0,744
1599,8,0,0,745
1597,8,-1,0,746
1596,8,-1,0,747
1594,8,-1,0,748
1594,8,-1,0,749
1595,8,-1,0,750
1597,8,-1,0,751
1600,8,-1,0,752
1603,8,-1,0,753
1606,8,-1,0,754
1608,8,-2,0,755
1609,8,-2,0,756
1609,8,-2,0,757
1609,8,-2,0,758
1607,8,-2,0,759
1606,8,-2,0,760
1605,8,-2,0,761
1604,8,-2,0,762
1603,7,-2,0,763
1603,7,-2,0,764
1604,7,-2,0,765
1605,7,-2,0,766
1607,6,-2,0,767
1609,6,-2,0,768
1613,6,-2,0,769
1617,6,-2,0,770
1622,6,-2,0,771
1628,5,-2,0,772
1635,5,-2,0,773
1641,5,-2,0,774
1647,5,-2,0,775
1651,5,-2,0,776
1653,4,-2,0,777
1652,4,-2,0,778
1649,4,-3,0,779
1644,4,-3,0,780
1639,4,-3,0,781
1636,4,-3,0,782
1635,4,-3,0,783
1637,4,-3,0,784
1643,4,-2,0,785
1650,4,-2,0,786
1657,4,-2,0,787
1661,4,-2,0,788
1660,3,-2,0,789
1653,3,-2,0,790
1641,3,-2,0,791
1624,3,-2,0,792
1606,3,-2,0,793
1588,3,-2,0,794
1573,3,-1,0,795
1564,2,-1,0,796
1560,2,-1,0,797
1562,2,-1,0,798
1567,2,0,0,799
1574,2,0,0,800
1582,2,0,0,801
1589,3,0,0,802
1594,3,0,0,803
1598,3,0,0,804
1600,3,0,0,805
1600,3,0,0,806
1599,3,0,0,807
1597,3,0,0,808
1594,3,0,0,809
1591,3,0,0,810
1588,3,0,0,811
1585,4,1,0,812
1584,4,1,0,813
1584,4,1,0,814
1585,4,1,0,815
1588,5,1,0,816
1590,5,1,0,817
1593,5,1,0,818
1595,5,1,0,819
1596,5,1,0,820
1595,5,1,0,821
1593,5,1,0,822
1590,5,1,0,823
1587,5,1,0,824
1584,5,1,0,825
1581,6,1,0,826
1580,6,1,0,827
1582,6,1,0,828
1584,6,1,0,829
1588,6,1,0,830
1593,6,1,0,831
1598,6,1,0,832
1601,6,1,0,833
1603,6,1,0,834
1604,6,1,0,835
1603,6,1,0,836
1602,6,1,0,837
1600,6,1,0,838
1599,6,2,0,839
1599,6,3,0,840
1600,6,4,0,841
1602,6,6,0,842
1604,7,9,0,843
1607,7,10,0,844
1610,7,12,0,845
1612,7,13,0,846
1616,7,13,0,847
1619,8,13,0,848
1623,8,13,0,849
1627,8,14,0,850
1632,8,16,0,851
1636,8,21,0,852
1639,8,29,0,853
1641,8,41,0,854
1642,9,57,0,855
1642,11,74,0,856
1640,14,93,0,857
1638,17,111,0,858
1636,22,129,0,859
1634,28,143,0,860
1632,32,154,0,861
1630,36,161,0,862
1630,39,164,0,863
1629,40,165,0,864
1630,40,165,0,865
1632,40,166,0,866
1636,42,171,0,867
1642,48,182,0,868
1649,61,200,0,869
1659,81,226,0,870
1669,111,261,0,871
1679,149,302,0,872
1689,192,350,0,873
1696,239,401,0,874
1701,286,453,0,875
1704,330,502,0,876
1704,366,547,0,877
1701,393,584,0,878
1697,410,612,0,879
1692,418,631,0,880
1686,419,642,0,881
1680,419,646,0,882
1672,423,645,0,883
1652,463,643,0,884
1640,508,646,0,885
1626,574,655,0,886
1611,661,671,0,887
1597,765,695,0,888
1584,884,725,0,889
1573,1011,761,0,890
1565,1141,799,0,891
1561,1265,836,0,892
1560,1377,871,0,893
1563,1470,901,0,894
1567,1542,926,0,895
1573,1592,945,0,896
1578,1623,957,0,897
1583,1638,963,0,898
1587,1642,967,0,899
1589,1642,968,0,900
1591,1644,968,0,901
1592,1655,968,0,902
1593,1679,969,0,903
1595,1719,969,0,904
1598,1778,967,0,905
1601,1856,963,0,906
1604,1952,955,0,907
1607,2059,942,0,908
1608,2173,922,0,909
1608,2290,896,0,910
1605,2404,864,0,911
1600,2509,827,0,912
1593,2602,787,0,913
1586,2680,744,0,914
1580,2740,702,0,915
1574,2784,664,0,916
1570,2814,633,0,917
1567,2831,609,0,918
1564,2839,593,0,919
1557,2842,583,0,920
1547,2842,579,0,921
1530,2842,579,0,922
1508,2845,579,0,923
1482,2852,576,0,924
1458,2864,566,0,925
1441,2881,549,0,926
1440,2903,521,0,927
1465,2927,482,0,928
1521,2953,433,0,929
1615,2979,376,0,930
1747,3002,315,0,931
1912,3022,252,0,932
2100,3039,191,0,933
2297,3054,134,0,934
2484,3066,85,0,935
2643,3075,45,0,936
2754,3083,13,0,937
2803,3088,-10,0,938
2781,3091,-30,0,939
2686,3091,-46,1,940
2521,3085,-64,1,941
2297,3072,-85,0,942
2030,3052,-112,0,943
1739,3022,-147,0,944
1444,2984,-188,0,945
1165,2941,-237,0,946
919,2894,-290,0,947
720,2848,-346,0,948
577,2804,-403,0,949
495,2768,-456,0,950
470,2741,-503,0,951
497,2724,-542,0,952
565,2717,-572,0,953
659,2715,-594,0,954
767,2715,-608,0,955
875,2711,-616,0,956
974,2699,-622,0,957
1060,2672,-628,0,958
1130,2627,-635,0,959
1188,2562,-648,0,960
1238,2476,-666,0,961
1288,2373,-690,0,962
1342,2254,-720,0,963
1403,2128,-755,0,964
1471,1999,-792,0,965
1544,1875,-830,0,966
1616,1764,-864,0,967
1682,1671,-894,0,968
1737,1600,-918,0,969
1776,1549,-936,0,970
1799,1518,-948,0,971
1806,1504,-954,0,972
1800,1499,-957,0,973
1786,1500,-958,0,974
1767,1498,-958,0,975
1749,1488,-959,0,976
1733,1465,-959,0,977
1722,1425,-959,0,978
1716,1368,-957,0,979
1715,1291,-954,0,980
1716,1198,-946,0,981
1719,1092,-932,0,982
1723,979,-913,0,983
1725,864,-887,0,984
1726,751,-856,0,985
1726,648,-819,0,986
1725,556,-780,0,987
1724,479,-740,0,988
1724,419,-700,0,989
1725,376,-664,0,990
1726,346,-635,0,991
1729,329,-613,0,992
1732,321,-597,0,993
1735,319,-588,0,994
1737,319,-585,0,995
1738,319,-584,0,996
1737,316,-585,0,997
1736,309,-585,0,998
1733,298,-581,0,999
1730,280,-572,0,1000
1727,259,-556,0,1001
1725,234,-533,0,1002
1724,207,-502,0,1003
1724,179,-465,0,1004
1725,151,-422,0,1005
1728,127,-377,0,1006
1732,104,-331,0,1007
1737,84,-286,0,1008
1742,69,-244,0,1009
1747,57,-208,0,1010
1751,48,-176,0,1011
1753,43,-152,0,1012
1753,39,-135,0,1013
1751,38,-123,0,1014
1748,37,-116,0,1015
1744,37,-112,0,1016
1739,37,-112,0,1017
1735,37,-112,0,1018
1731,37,-112,0,1019
1730,37,-111,0,1020
1731,37,-108,0,1021
1734,37,-104,0,1022
1739,37,-97,0,1023
1745,37,-89,0,1024
1751,37,-79,0,1025
1756,38,-68,0,1026
1760,38,-57,0,1027
1763,39,-46,0,1028
1764,40,-36,0,1029
1763,40,-27,0,1030
1762,40,-19,0,1031
1761,41,-13,0,1032
1762,41,-9,0,1033
1764,40,-5,0,1034
1768,40,-4,0,1035
1773,40,-2,0,1036
1780,39,-3,0,1037
1787,39,-3,0,1038
1794,38,-4,0,1039
1801,38,-4,0,1040
1806,38,-4,0,1041
1810,38,-5,0,1042
1811,38,-6,0,1043
1811,38,-6,0,1044
1810,38,-6,0,1045
1807,38,-6,0,1046
1805,38,-6,0,1047
1803,38,-7,0,1048
1801,37,-7,0,1049
1801,36,-7,0,1050
1802,36,-8,0,1051
1804,35,-8,0,1052
1807,34,-8,0,1053
1810,32,-8,0,1054
1812,31,-9,0,1055
1813,29,-9,0,1056
1813,28,-8,0,1057
1812,27,-8,0,1058
1811,25,-8,0,1059
1811,24,-8,0,1060
1810,23,-8,0,1061
1811,22,-8,0,1062
1812,22,-8,0,1063
1814,22,-8,0,1064
1815,21,-8,0,1065
1816,21,-8,0,1066
1815,21,-8,0,1067
1811,21,-8,0,1068
1806,21,-8,0,1069
1798,20,-8,0,1070
1789,20,-8,0,1071
1781,20,-8,0,1072
1772,20,-7,0,1073
1765,20,-7,0,1074
1759,20,-7,0,1075
1755,20,-6,0,1076
1751,20,-6,0,1077
1747,20,-6,0,1078
1742,20,-5,0,1079
1735,20,-5,0,1080
1727,20,-4,0,1081
1716,20,-4,0,1082
1704,20,-4,0,1083
1691,20,-4,0,1084
1678,20,-4,0,1085
1664,20,-4,0,1086
1650,20,-4,0,1087
1636,19,-4,0,1088
1623,19,-4,0,1089
1610,19,-4,0,1090
1597,19,-5,0,1091
1585,19,-5,0,1092
1574,19,-5,0,1093
1564,18,-5,0,1094
1555,18,-5,0,1095
1547,18,-6,0,1096
1540,17,-6,0,1097
1534,17,-6,0,1098
1528,16,-6,0,1099
1522,15,-6,0,1100
1517,15,-6,0,1101
1512,14,-6,0,1102
1507,13,-6,0,1103
1503,13,-6,0,1104
1500,12,-6,0,1105
1498,11,-6,0,1106
1497,11,-6,0,1107
1496,10,-6,0,1108
1495,10,-6,0,1109
1495,9,-6,0,1110
1494,8,-6,0,1111
1494,8,-6,0,1112
1494,7,-6,0,1113
1494,6,-6,0,1114
1494,6,-6,0,1115
1496,6,-6,0,1116
1498,6,-6,0,1117
1501,6,-6,0,1118
1505,6,-6,0,1119
1510,6,-6,0,1120
1514,6,-6,0,1121
1517,6,-6,0,1122
1520,6,-5,0,1123
1521,6,-6,0,1124
1521,5,-5,0,1125
1520,5,-5,0,1126
1517,5,-5,0,1127
1514,5,-5,0,1128
1511,5,-4,0,1129
1508,5,-4,0,1130
1507,4,-4,0,1131
1507,4,-4,0,1132
1509,4,-4,0,1133
1511,4,-4,0,1134
1515,4,-4,0,1135
1520,3,-3,0,1136
1524,3,-3,0,1137
1529,3,-3,0,1138
1533,3,-3,0,1139
1537,3,-3,0,1140
1540,2,-3,0,1141
1543,2,-3,0,1142
1546,2,-3,0,1143
1548,2,-3,0,1144
1550,1,-3,0,1145
1551,1,-3,0,1146
1552,1,-3,0,1147
1553,1,-2,0,1148
1553,1,-2,0,1149
1553,1,-2,0,1150
1553,0,-2,0,1151
1553,0,-2,0,1152
1553,0,-2,0,1153
1553,0,-2,0,1154
1553,0,-2,0,1155
1553,0,-2,0,1156
1553,0,-2,0,1157
1553,0,-2,0,1158
1553,0,-2,0,1159
1553,0,-2,0,1160
1553,0,-2,0,1161
1553,0,-2,0,1162
1553,0,-2,0,1163
1553,0,-1,0,1164
1554,0,-1,0,1165
1555,0,-1,0,1166
1556,0,-1,0,1167
1557,0,-1,0,1168
1558,0,-1,0,1169
1559,0,-1,0,1170
1559,0,-1,0,1171
1559,0,-1,0,1172
1560,0,-1,0,1173
1560,0,0,0,1174
1561,0,0,0,1175
1562,0,0,0,1176
1563,0,0,0,1177
1564,0,0,0,1178
1565,0,0,0,1179
1565,0,0,0,1180
1564,0,0,0,1181
1563,0,0,0,1182
1561,0,0,0,1183
1560,0,0,0,1184
1560,0,0,0,1185
1561,0,0,0,1186
1563,0,0,0,1187
1566,0,0,0,1188
1570,0,0,0,1189
1573,0,0,0,1190
1577,0,0,0,1191
1580,0,0,0,1192
1581,0,0,0,1193
1581,0,0,0,1194
1580,0,0,0,1195
1579,0,0,0,1196
1577,0,0,0,1197
1575,0,0,0,1198
1574,0,0,0,1199
1574,0,0,0,1200
1575,0,0,0,1201
1576,0,0,0,1202
1578,0,0,0,1203
1580,0,0,0,1204
1581,0,0,0,1205
1582,0,0,0,1206
1582,0,0,0,1207
1582,0,0,0,1208
1581,0,0,0,1209
1580,0,0,0,1210
1578,0,0,0,1211
1578,0,0,0,1212
1577,0,0,0,1213
1577,0,0,0,1214
1577,0,0,0,1215
1578,0,0,0,1216
1578,0,0,0,1217
1579,0,0,0,1218
1579,0,0,0,1219
1579,0,0,0,1220
1580,0,0,0,1221
1580,0,0,0,1222
1581,0,0,0,1223
1582,0,0,0,1224
1584,0,0,0,1225
1586,0,0,0,1226
1587,0,0,0,1227
1588,0,0,0,1228
1589,0,0,0,1229
1589,0,0,0,1230
1589,0,0,0,1231
1589,0,0,0,1232
1588,0,0,0,1233
1588,0,0,0,1234
1589,0,0,0,1235
1590,0,0,0,1236
1592,0,0,0,1237
1594,0,0,0,1238
1597,0,0,0,1239
1599,0,0,0,1240
1601,0,0,0,1241
1602,0,0,0,1242
1601,0,0,0,1243
1600,0,0,0,1244
1598,0,0,0,1245
1596,0,0,0,1246
1594,0,0,0,1247
1594,0,0,0,1248
1594,0,0,0,1249
1596,0,0,0,1250
1598,0,0,0,1251
1601,0,0,0,1252
1604,0,0,0,1253
1607,0,0,0,1254
1608,0,0,0,1255
1609,0,0,0,1256
1608,0,0,0,1257
1607,0,0,0,1258
1606,0,0,0,1259
1604,0,0,0,1260
1603,0,0,0,1261
1603,0,0,0,1262
1603,0,0,0,1263
1604,0,0,0,1264
1605,0,0,0,1265
1606,0,0,0,1266
1609,0,0,0,1267
1612,0,0,0,1268
1616,0,0,0,1269
1622,0,0,0,1270
1628,0,0,0,1271
1635,0,0,0,1272
1641,0,0,0,1273
1647,0,0,0,1274
1651,0,0,0,1275
1653,0,0,0,1276
1652,0,0,0,1277
1648,0,0,0,1278
1644,0,0,0,1279
1639,0,0,0,1280
1636,0,0,0,1281
1635,0,0,0,1282
1638,0,1,0,1283
1643,0,1,0,1284
1650,0,1,0,1285
1656,0,1,0,1286
1660,0,1,0,1287
1658,0,1,0,1288
1651,0,1,0,1289
1639,1,1,0,1290
1622,1,1,0,1291
1603,1,1,0,1292
1586,1,1,0,1293
1572,1,1,0,1294
1563,2,1,0,1295
1560,2,1,0,1296
1562,2,1,0,1297
1567,2,1,0,1298
1575,2,1,0,1299
1582,3,1,0,1300
1589,3,1,0,1301
1595,3,1,0,1302
1598,3,1,0,1303
1600,3,1,0,1304
1600,3,1,0,1305
1599,3,1,0,1306
1596,3,1,0,1307
1594,3,1,0,1308
1590,3,2,0,1309
1587,3,2,0,1310
1585,4,2,0,1311
1584,4,2,0,1312
1584,4,1,0,1313
1585,4,1,0,1314
1587,4,1,0,1315
1590,5,1,0,1316
1593,5,1,0,1317
1595,5,1,0,1318
1595,5,1,0,1319
1595,5,1,0,1320
1593,5,1,0,1321
1589,5,1,0,1322
1586,5,1,0,1323
1583,5,1,0,1324
1581,5,1,0,1325
1580,6,1,0,1326
1582,6,1,0,1327
1585,6,1,0,1328
1589,6,1,0,1329
1594,6,1,0,1330
1598,6,1,0,1331
1601,6,1,0,1332
1603,6,1,0,1333
1604,6,1,0,1334
1603,6,1,0,1335
1602,6,1,0,1336
1601,6,1,0,1337
1599,6,2,0,1338
1599,6,3,0,1339
1599,6,4,0,1340
1601,6,6,0,1341
1602,6,8,0,1342
1605,7,11,0,1343
1607,7,12,0,1344
1610,7,13,0,1345
1614,7,14,0,1346
1618,7,14,0,1347
1622,8,14,0,1348
1627,8,14,0,1349
1632,8,17,0,1350
1636,8,21,0,1351
1639,8,29,0,1352
1641,8,40,0,1353
1642,9,55,0,1354
1641,11,72,0,1355
1639,13,90,0,1356
1637,17,108,0,1357
1635,22,125,0,1358
1633,27,139,0,1359
1632,33,149,0,1360
1631,37,156,0,1361
1631,40,159,0,1362
1631,41,160,0,1363
1631,41,160,0,1364
1633,41,161,0,1365
1637,43,166,0,1366
1642,49,177,0,1367
1649,61,195,0,1368
1658,80,221,0,1369
1668,108,256,0,1370
1679,145,297,0,1371
1688,187,345,0,1372
1696,232,395,0,1373
1702,277,446,0,1374
1705,320,495,0,1375
1705,355,539,0,1376
1703,381,575,0,1377
1699,397,602,0,1378
1693,405,621,0,1379
1687,407,631,0,1380
1680,407,634,0,1381
1671,410,634,0,1382
1651,450,631,0,1383
1639,496,635,0,1384
1625,562,645,0,1385
1611,648,664,0,1386
1596,752,689,0,1387
1583,872,721,0,1388
1573,998,758,0,1389
1565,1125,797,0,1390
1561,1247,836,0,1391
1560,1356,872,0,1392
1562,1447,902,0,1393
1566,1517,926,0,1394
1571,1566,943,0,1395
1577,1596,955,0,1396
1582,1609,961,0,1397
1585,1613,963,0,1398
1588,1613,963,0,1399
1590,1616,963,0,1400
1591,1629,963,0,1401
1593,1656,963,0,1402
1595,1702,962,0,1403
1597,1766,961,0,1404
1601,1848,958,0,1405
1604,1946,950,0,1406
1607,2055,937,0,1407
1609,2172,918,0,1408
1608,2289,892,0,1409
1605,2401,860,0,1410
1600,2503,822,0,1411
1594,2592,781,0,1412
1586,2666,740,0,1413
1579,2723,699,0,1414
1573,2763,662,0,1415
1569,2790,631,0,1416
1566,2806,608,0,1417
1563,2813,592,0,1418
1558,2815,583,0,1419
1549,2814,581,0,1420
1535,2815,580,0,1421
1514,2819,581,0,1422
1488,2827,577,0,1423
1462,2840,567,0,1424
1441,2858,549,0,1425
1434,2879,519,0,1426
1453,2903,479,0,1427
1504,2929,429,0,1428
1595,2953,372,0,1429
1727,2976,311,0,1430
1896,2996,247,0,1431
2090,3013,186,0,1432
2294,3027,131,0,1433
2488,3039,84,0,1434
2650,3048,45,0,1435
2762,3055,15,0,1436
2808,3062,-8,0,1437
2780,3065,-26,0,1438
2677,3066,-41,1,1439
2504,3061,-58,1,1440
2274,3049,-79,0,1441
2003,3030,-106,0,1442
1712,3001,-140,0,1443
1419,2965,-182,0,1444
1144,2923,-232,0,1445
903,2878,-285,0,1446
709,2833,-341,0,1447
570,2791,-397,0,1448
489,2756,-449,0,1449
464,2730,-495,0,1450
489,2714,-533,0,1451
554,2706,-562,0,1452
645,2704,-584,0,1453
751,2704,-597,0,1454
858,2700,-605,0,1455
957,2688,-610,0,1456
1044,2661,-616,0,1457
1117,2616,-625,0,1458
1179,2550,-638,0,1459
1234,2464,-659,0,1460
1288,2360,-685,0,1461
1346,2241,-718,0,1462
1410,2115,-754,0,1463
1480,1988,-793,0,1464
1553,1867,-831,0,1465
1625,1757,-866,0,1466
1690,1667,-896,0,1467
1742,1597,-919,0,1468
1780,1548,-936,0,1469
1800,1518,-948,0,1470
1806,1505,-954,0,1471
1799,1501,-956,0,1472
1783,1502,-956,0,1473
1765,1499,-956,0,1474
1747,1486,-956,0,1475
1732,1460,-956,0,1476
1721,1416,-956,0,1477
1716,1353,-954,0,1478
1714,1272,-951,0,1479
1716,1176,-944,0,1480
1719,1068,-930,0,1481
1722,953,-911,0,1482
1724,838,-885,0,1483
1725,727,-854,0,1484
1725,626,-817,0,1485
1724,538,-778,0,1486
1724,465,-737,0,1487
1724,408,-699,0,1488
1724,368,-664,0,1489
1726,341,-636,0,1490
1728,325,-614,0,1491
1731,318,-599,0,1492
1734,316,-590,0,1493
1736,316,-588,0,1494
1737,316,-588,0,1495
1736,312,-589,0,1496
1735,303,-588,0,1497
1733,291,-583,0,1498
1730,273,-573,0,1499
1728,252,-555,0,1500
1726,227,-530,0,1501
1725,200,-498,0,1502
1725,172,-459,0,1503
1726,146,-416,0,1504
1729,121,-370,0,1505
1733,99,-324,0,1506
1738,79,-280,0,1507
1743,64,-239,0,1508
1747,52,-204,0,1509
1751,43,-174,0,1510
1753,36,-151,0,1511
1754,32,-135,0,1512
1752,30,-124,0,1513
1749,29,-118,0,1514
1744,29,-115,0,1515
1740,29,-114,0,1516
1735,29,-114,0,1517
1732,29,-114,0,1518
1731,29,-113,0,1519
1733,29,-110,0,1520
1736,29,-105,0,1521
1741,28,-98,0,1522
1746,28,-89,0,1523
1752,29,-79,0,1524
1757,29,-68,0,1525
1761,30,-57,0,1526
1763,30,-46,0,1527
1763,31,-36,0,1528
1763,31,-28,0,1529
1762,31,-20,0,1530
1762,31,-14,0,1531
1763,31,-10,0,1532
1765,31,-6,0,1533
1769,31,-4,0,1534
1774,31,-2,0,1535
1780,31,-2,0,1536
1787,30,-2,0,1537
1794,30,-3,0,1538
1801,30,-3,0,1539
1806,31,-4,0,1540
1810,31,-4,0,1541
1812,31,-4,0,1542
1812,31,-5,0,1543
1810,31,-5,0,1544
1808,31,-4,0,1545
1805,30,-4,0,1546
1803,30,-5,0,1547
1801,30,-5,0,1548
1801,29,-5,0,1549
1801,29,-5,0,1550
1803,28,-6,0,1551
1806,27,-6,0,1552
1808,26,-6,0,1553
1811,24,-6,0,1554
1812,23,-6,0,1555
1812,22,-6,0,1556
1812,20,-6,0,1557
1811,19,-6,0,1558
1810,19,-6,0,1559
1809,18,-6,0,1560
1810,18,-6,0,1561
1811,18,-6,0,1562
1813,18,-6,0,1563
1815,18,-6,0,1564
1816,18,-6,0,1565
1815,18,-6,0,1566
1812,18,-6,0,1567
1807,18,-6,0,1568
1799,18,-6,0,1569
1790,17,-6,0,1570
1781,17,-6,0,1571
1773,17,-6,0,1572
1766,17,-6,0,1573
1760,17,-5,0,1574
1755,17,-5,0,1575
1751,17,-5,0,1576
1747,17,-4,0,1577
1741,17,-4,0,1578
1734,16,-4,0,1579
1726,16,-3,0,1580
1715,16,-3,0,1581
1704,16,-3,0,1582
1691,16,-3,0,1583
1678,16,-3,0,1584
1665,16,-3,0,1585
1651,16,-3,0,1586
1637,16,-4,0,1587
1623,16,-4,0,1588
1610,16,-4,0,1589
1597,16,-4,0,1590
1585,16,-4,0,1591
1574,15,-4,0,1592
1564,15,-4,0,1593
1555,15,-4,0,1594
1547,15,-4,0,1595
1541,14,-5,0,1596
1534,14,-5,0,1597
1529,13,-5,0,1598
1523,13,-5,0,1599
1518,12,-5,0,1600
1514,12,-5,0,1601
1509,11,-4,0,1602
1505,11,-4,0,1603
1502,10,-4,0,1604
1500,10,-4,0,1605
1498,10,-5,0,1606
1497,9,-5,0,1607
1496,9,-5,0,1608
1496,8,-5,0,1609
1496,8,-5,0,1610
1495,7,-5,0,1611
1495,7,-5,0,1612
1496,6,-6,0,1613
1496,6,-6,0,1614
1498,6,-5,0,1615
1500,6,-6,0,1616
1503,6,-6,0,1617
1507,6,-6,0,1618
1511,6,-6,0,1619
1515,6,-6,0,1620
1519,6,-5,0,1621
1521,6,-5,0,1622
1523,5,-5,0,1623
1523,5,-5,0,1624
1521,5,-5,0,1625
1519,4,-5,0,1626
1516,4,-4,0,1627
1512,4,-4,0,1628
1510,4,-4,0,1629
1508,3,-4,0,1630
1508,3,-4,0,1631
1510,3,-4,0,1632
1512,2,-4,0,1633
1516,2,-3,0,1634
1521,2,-3,0,1635
1525,1,-3,0,1636
1530,1,-3,0,1637
1534,1,-3,0,1638
1538,1,-3,0,1639
1541,0,-3,0,1640
1543,0,-3,0,1641
1546,0,-3,0,1642
1548,0,-3,0,1643
1549,0,-3,0,1644
1551,0,-3,0,1645
1552,0,-2,0,1646
1553,0,-2,0,1647
1554,0,-2,0,1648
1554,0,-2,0,1649
1554,0,-2,0,1650
1554,0,-2,0,1651
1554,0,-2,0,1652
1554,0,-2,0,1653
1554,0,-2,0,1654
1554,0,-2,0,1655
1553,0,-1,0,1656
1553,0,-1,0,1657
1552,0,-1,0,1658
1552,0,-1,0,1659
1552,0,-1,0,1660
1552,0,-1,0,1661
1552,0,-1,0,1662
1552,0,0,0,1663
1553,0,0,0,1664
1554,0,0,0,1665
1555,0,0,0,1666
1556,0,0,0,1667
1557,0,0,0,1668
1558,0,0,0,1669
1558,0,0,0,1670
1558,0,0,0,1671
1558,0,0,0,1672
1559,0,0,0,1673
1560,0,0,0,1674
1561,0,0,0,1675
1562,0,0,0,1676
1563,0,0,0,1677
1564,0,0,0,1678
1564,0,0,0,1679
1563,0,0,0,1680
1562,0,0,0,1681
1560,0,0,0,1682
1559,0,0,0,1683
1558,0,0,0,1684
1559,0,0,0,1685
1561,0,0,0,1686
1563,0,0,0,1687
1567,0,0,0,1688
1571,0,0,0,1689
1575,0,0,0,1690
1578,0,0,0,1691
1580,0,0,0,1692
1580,0,0,0,1693
1579,0,0,0,1694
1578,0,0,0,1695
1575,0,0,0,1696
1573,0,0,0,1697
1572,0,0,0,1698
1571,0,0,0,1699
1572,0,0,0,1700
1573,0,0,0,1701
1575,0,0,0,1702
1576,0,0,0,1703
1578,0,0,0,1704
1579,0,0,0,1705
1579,0,0,0,1706
1579,0,0,0,1707
1578,0,0,0,1708
1577,0,0,0,1709
1576,0,0,0,1710
1575,0,0,0,1711
1575,0,0,0,1712
1575,0,0,0,1713
1575,0,0,0,1714
1575,0,0,0,1715
1576,0,0,0,1716
1577,0,0,0,1717
1577,0,0,0,1718
1577,0,0,0,1719
1578,0,0,0,1720
1578,0,0,0,1721
1579,0,0,0,1722
1580,0,0,0,1723
1581,0,0,0,1724
1583,0,0,0,1725
1585,0,0,0,1726
1587,0,0,0,1727
1589,1,0,0,1728
1590,1,0,0,1729
1591,1,0,0,1730
1591,1,0,0,1731
1591,1,0,0,1732
1591,1,0,0,1733
1591,1,0,0,1734
1591,1,0,0,1735
1592,0,0,0,1736
1594,0,0,0,1737
1596,0,0,0,1738
1598,0,0,0,1739
1599,0,0,0,1740
1600,0,0,0,1741
1600,0,0,0,1742
1599,0,0,0,1743
1597,0,0,0,1744
1596,0,0,0,1745
1595,0,0,0,1746
1595,0,0,0,1747
1596,0,0,0,1748
1597,0,0,0,1749
1600,0,0,0,1750
1603,0,-1,0,1751
1606,0,-1,0,1752
1608,0,-1,0,1753
1609,0,-1,0,1754
1610,0,-1,0,1755
1609,0,-1,0,1756
1608,0,-1,0,1757
1607,0,-1,0,1758
1606,0,0,0,1759
1605,0,0,0,1760
1604,0,0,0,1761
1605,0,0,0,1762
1605,0,0,0,1763
1606,0,0,0,1764
1607,0,0,0,1765
1609,0,0,0,1766
1612,0,0,0,1767
1616,0,0,0,1768
1621,0,0,0,1769
1627,0,0,0,1770
1634,0,0,0,1771
1641,0,0,0,1772
1647,0,0,0,1773
1651,0,0,0,1774
1653,0,0,0,1775
1652,0,0,0,1776
1648,0,0,0,1777
1644,0,0,0,1778
1639,0,0,0,1779
1635,0,0,0,1780
1635,0,0,0,1781
1638,0,0,0,1782
1643,0,1,0,1783
1650,0,1,0,1784
1657,1,1,0,1785
1660,1,1,0,1786
1659,1,1,0,1787
1652,1,1,0,1788
1639,1,1,0,1789
1622,1,1,0,1790
1603,1,1,0,1791
1586,1,1,0,1792
1572,2,1,0,1793
1563,2,1,0,1794
1560,2,1,0,1795
1562,2,1,0,1796
1567,2,1,0,1797
1574,2,1,0,1798
1582,2,1,0,1799
1589,3,1,0,1800
1594,3,1,0,1801
1598,3,1,0,1802
1600,3,1,0,1803
1601,3,1,0,1804
1600,3,1,0,1805
1598,3,1,0,1806
1595,3,1,0,1807
1592,3,1,0,1808
1589,3,1,0,1809
1587,3,1,0,1810
1585,4,1,0,1811
1585,4,1,0,1812
1586,4,1,0,1813
1588,4,1,0,1814
1591,5,1,0,1815
1593,5,1,0,1816
1595,5,1,0,1817
1596,5,1,0,1818
1596,5,1,0,1819
1594,5,1,0,1820
1591,5,1,0,1821
1588,5,1,0,1822
1584,5,1,0,1823
1582,5,1,0,1824
1581,5,1,0,1825
1582,5,1,0,1826
1585,5,1,0,1827
1589,6,1,0,1828
1593,6,1,0,1829
1597,6,1,0,1830
1601,6,1,0,1831
1603,6,1,0,1832
1604,6,1,0,1833
1604,6,1,0,1834
1603,6,1,0,1835
1602,6,1,0,1836
1601,6,2,0,1837
1600,6,3,0,1838
1601,6,4,0,1839
1602,6,6,0,1840
1604,6,9,0,1841
1606,7,11,0,1842
1609,7,12,0,1843
1612,7,13,0,1844
1615,7,14,0,1845
1619,7,14,0,1846
1623,8,14,0,1847
1628,8,15,0,1848
1632,8,17,0,1849
1636,8,21,0,1850
1639,8,28,0,1851
1641,8,40,0,1852
1642,9,54,0,1853
1641,11,71,0,1854
1640,13,89,0,1855
1638,17,107,0,1856
1636,22,124,0,1857
1634,28,138,0,1858
1632,33,149,0,1859
1631,37,155,0,1860
1630,40,159,0,1861
1630,41,159,0,1862
1631,41,159,0,1863
1633,41,161,0,1864
1636,43,165,0,1865
1642,48,177,0,1866
1650,59,196,0,1867
1659,78,223,0,1868
1669,107,258,0,1869
1680,143,301,0,1870
1689,185,349,0,1871
1696,230,401,0,1872
1701,276,453,0,1873
1703,318,503,0,1874
1703,353,547,0,1875
1700,379,584,0,1876
1696,396,612,0,1877
1691,404,631,0,1878
1684,405,642,0,1879
1678,405,646,0,1880
1670,409,645,0,1881
1652,451,643,0,1882
1640,498,647,0,1883
1627,566,657,0,1884
1613,654,674,0,1885
1599,761,699,0,1886
1586,882,731,0,1887
1575,1012,769,0,1888
1567,1142,809,0,1889
1562,1266,849,0,1890
1561,1378,887,0,1891
1563,1471,919,0,1892
1567,1543,946,0,1893
1572,1593,967,0,1894
1578,1624,981,0,1895
1582,1639,990,0,1896
1586,1643,995,0,1897
1589,1643,997,0,1898
1590,1646,999,0,1899
1591,1658,999,0,1900
1593,1684,1000,0,1901
1595,1728,1000,0,1902
1597,1790,999,0,1903
1601,1872,994,0,1904
1604,1972,985,0,1905
1607,2084,971,0,1906
1608,2203,949,0,1907
1608,2325,922,0,1908
1605,2442,889,0,1909
1600,2552,850,0,1910
1593,2649,808,0,1911
1586,2731,765,0,1912
1579,2795,724,0,1913
1574,2842,687,0,1914
1570,2874,656,0,1915
1567,2894,632,0,1916
1564,2903,616,0,1917
1558,2907,607,0,1918
1549,2907,603,0,1919
1533,2907,604,0,1920
1511,2909,605,0,1921
1485,2915,602,0,1922
1458,2926,593,0,1923
1438,2941,575,0,1924
1434,2961,545,0,1925
1456,2984,506,0,1926
1512,3009,456,0,1927
1608,3034,398,0,1928
1744,3057,335,0,1929
1915,3078,271,0,1930
2108,3097,208,0,1931
2309,3112,151,0,1932
2497,3124,101,0,1933
2652,3134,59,0,1934
2757,3143,25,0,1935
2801,3149,0,0,1936
2774,3154,-20,0,1937
2677,3156,-39,1,1938
2514,3152,-58,1,1939
2296,3141,-80,0,1940
2038,3122,-108,0,1941
1755,3093,-144,0,1942
1466,3057,-186,0,1943
1189,3014,-235,0,1944
942,2969,-289,0,1945
739,2924,-345,0,1946
590,2882,-400,0,1947
500,2847,-453,0,1948
469,2821,-499,0,1949
491,2805,-538,0,1950
555,2797,-568,0,1951
648,2796,-590,0,1952
755,2795,-604,0,1953
864,2792,-613,0,1954
964,2778,-619,0,1955
1051,2750,-625,0,1956
1123,2704,-634,0,1957
1184,2637,-647,0,1958
1238,2549,-667,0,1959
1292,2443,-693,0,1960
1350,2322,-726,0,1961
1415,2194,-764,0,1962
1485,2065,-804,0,1963
1558,1941,-843,0,1964
1628,1829,-880,0,1965
1692,1737,-911,0,1966
1743,1665,-937,0,1967
1779,1615,-958,0,1968
1799,1583,-972,0,1969
1804,1569,-981,0,1970
1798,1565,-986,0,1971
1783,1565,-988,0,1972
1766,1563,-990,0,1973
1748,1551,-990,0,1974
1733,1526,-991,0,1975
1722,1483,-991,0,1976
1716,1422,-990,0,1977
1715,1342,-985,0,1978
1716,1243,-976,0,1979
1719,1133,-962,0,1980
1722,1015,-941,0,1981
1724,895,-914,0,1982
1725,780,-882,0,1983
1725,672,-844,0,1984
1724,575,-803,0,1985
1724,494,-762,0,1986
1724,430,-723,0,1987
1725,383,-688,0,1988
1726,351,-659,0,1989
1729,332,-637,0,1990
1732,322,-622,0,1991
1735,319,-613,0,1992
1737,319,-610,0,1993
1737,319,-611,0,1994
1737,316,-612,0,1995
1735,311,-612,0,1996
1733,300,-607,0,1997
1729,285,-598,0,1998
1727,264,-580,0,1999
1724,240,-556,0,2000
1723,214,-524,0,2001
1723,187,-484,0,2002
1725,160,-440,0,2003
1728,134,-393,0,2004
1732,110,-345,0,2005
1737,90,-299,0,2006
1742,73,-256,0,2007
1747,60,-217,0,2008
1751,51,-184,0,2009
1753,44,-158,0,2010
1754,39,-139,0,2011
1752,36,-126,0,2012
1749,34,-119,0,2013
1744,34,-115,0,2014
1739,33,-114,0,2015
1735,33,-114,0,2016
1732,34,-114,0,2017
1730,34,-114,0,2018
1731,34,-112,0,2019
1734,34,-108,0,2020
1739,34,-102,0,2021
1745,34,-93,0,2022
1751,34,-84,0,2023
1756,34,-73,0,2024
1760,34,-62,0,2025
1762,35,-52,0,2026
1763,35,-41,0,2027
1762,36,-32,0,2028
1761,36,-24,0,2029
1761,36,-17,0,2030
1761,36,-12,0,2031
1763,35,-9,0,2032
1767,35,-6,0,2033
1772,34,-5,0,2034
1779,33,-4,0,2035
1786,33,-4,0,2036
1794,32,-4,0,2037
1800,32,-4,0,2038
1806,32,-5,0,2039
1809,32,-6,0,2040
1811,32,-6,0,2041
1811,32,-6,0,2042
1810,32,-7,0,2043
1808,32,-7,0,2044
1805,32,-7,0,2045
1802,32,-7,0,2046
1800,31,-7,0,2047
1800,31,-7,0,2048
1800,30,-7,0,2049
1802,29,-7,0,2050
1805,28,-8,0,2051
1808,27,-8,0,2052
1811,26,-8,0,2053
1813,24,-8,0,2054
1813,23,-8,0,2055
1813,22,-8,0,2056
1812,20,-7,0,2057
1810,19,-7,0,2058
1810,19,-7,0,2059
1810,18,-6,0,2060
1811,18,-7,0,2061
1813,18,-7,0,2062
1815,18,-7,0,2063
1816,18,-7,0,2064
1815,18,-7,0,2065
1812,18,-7,0,2066
1806,18,-7,0,2067
1799,17,-7,0,2068
1790,17,-7,0,2069
1781,17,-6,0,2070
1773,17,-6,0,2071
1765,17,-6,0,2072
1759,17,-6,0,2073
1754,17,-6,0,2074
1750,17,-5,0,2075
1745,17,-5,0,2076
1739,17,-4,0,2077
1732,16,-4,0,2078
1723,16,-4,0,2079
1713,16,-3,0,2080
1701,16,-3,0,2081
1689,16,-3,0,2082
1676,16,-3,0,2083
1663,16,-3,0,2084
1650,16,-3,0,2085
1637,16,-3,0,2086
1623,16,-4,0,2087
1610,16,-4,0,2088
1597,16,-4,0,2089
1585,15,-4,0,2090
1574,15,-4,0,2091
1564,15,-4,0,2092
1555,15,-4,0,2093
1547,15,-4,0,2094
1540,14,-5,0,2095
1534,14,-5,0,2096
1529,14,-5,0,2097
1523,13,-5,0,2098
1518,13,-5,0,2099
1513,12,-5,0,2100
1508,12,-5,0,2101
1504,11,-5,0,2102
1501,11,-5,0,2103
1498,10,-5,0,2104
1497,10,-5,0,2105
1496,9,-5,0,2106
1496,9,-5,0,2107
1496,8,-5,0,2108
1496,8,-5,0,2109
1496,7,-5,0,2110
1495,7,-5,0,2111
1495,6,-6,0,2112
1496,6,-5,0,2113
1497,6,-5,0,2114
1499,5,-6,0,2115
1502,5,-6,0,2116
1506,5,-6,0,2117
1510,5,-6,0,2118
1514,5,-6,0,2119
1518,5,-6,0,2120
1521,5,-5,0,2121
1522,5,-6,0,2122
1522,5,-5,0,2123
1520,5,-5,0,2124
1517,4,-5,0,2125
1514,4,-5,0,2126
1511,4,-4,0,2127
1508,4,-4,0,2128
1507,3,-4,0,2129
1507,3,-4,0,2130
1509,3,-3,0,2131
1512,2,-3,0,2132
1516,2,-3,0,2133
1520,2,-3,0,2134
1525,1,-2,0,2135
1529,1,-2,0,2136
1533,1,-2,0,2137
1537,1,-2,0,2138
1540,0,-2,0,2139
1543,0,-2,0,2140
1545,0,-2,0,2141
1547,0,-2,0,2142
1549,0,-2,0,2143
1551,0,-2,0,2144
1552,1,-2,0,2145
1553,1,-2,0,2146
1553,1,-2,0,2147
1553,1,-1,0,2148
1553,1,-1,0,2149
1553,1,-1,0,2150
1552,1,-1,0,2151
1552,1,0,0,2152
1552,1,0,0,2153
1552,2,0,0,2154
1552,2,0,0,2155
1552,2,0,0,2156
1552,2,0,0,2157
1553,2,1,0,2158
1553,2,1,0,2159
1553,2,1,0,2160
1554,2,1,0,2161
1554,2,1,0,2162
1555,2,1,0,2163
1556,2,1,0,2164
1557,2,1,0,2165
1558,3,1,0,2166
1559,3,1,0,2167
1559,3,1,0,2168
1559,3,1,0,2169
1559,3,1,0,2170
1559,3,1,0,2171
1560,3,1,0,2172
1560,3,1,0,2173
1562,4,1,0,2174
1563,4,1,0,2175
1564,4,1,0,2176
1565,4,1,0,2177
1566,4,1,0,2178
1565,4,1,0,2179
1564,4,1,0,2180
1562,4,1,0,2181
1561,4,1,0,2182
1560,5,1,0,2183
1561,5,1,0,2184
1562,5,1,0,2185
1565,5,1,0,2186
1569,5,1,0,2187
1573,5,1,0,2188
1577,5,0,0,2189
1580,5,0,0,2190
1582,5,0,0,2191
1582,5,0,0,2192
1581,5,0,0,2193
1579,5,0,0,2194
1576,5,0,0,2195
1574,5,0,0,2196
1573,5,0,0,2197
1572,5,0,0,2198
1572,5,0,0,2199
1574,5,0,0,2200
1576,5,0,0,2201
1578,5,0,0,2202
1579,5,0,0,2203
1580,5,0,0,2204
1580,5,0,0,2205
1580,5,0,0,2206
1579,5,0,0,2207
1578,5,0,0,2208
1577,5,0,0,2209
1576,5,0,0,2210
1576,5,0,0,2211
1576,5,0,0,2212
1576,5,0,0,2213
1576,5,0,0,2214
1577,5,0,0,2215
1577,5,0,0,2216
1578,5,0,0,2217
1578,5,0,0,2218
1579,5,0,0,2219
1580,5,1,0,2220
1581,5,1,0,2221
1582,5,1,0,2222
1583,5,1,0,2223
1585,5,1,0,2224
1587,5,1,0,2225
1588,5,1,0,2226
1589,5,1,0,2227
1590,5,1,0,2228
1590,5,1,0,2229
1590,5,1,0,2230
1589,5,1,0,2231
1589,6,1,0,2232
1589,6,1,0,2233
1590,6,1,0,2234
1592,7,1,0,2235
1594,7,1,0,2236
1596,8,1,0,2237
1598,8,1,0,2238
1599,8,1,0,2239
1600,9,1,0,2240
1600,9,1,0,2241
1599,10,1,0,2242
1597,10,1,0,2243
1596,10,1,0,2244
1594,10,1,0,2245
1594,10,1,0,2246
1595,10,1,0,2247
1597,10,1,0,2248
1600,10,1,0,2249
1603,10,1,0,2250
1606,10,1,0,2251
1608,9,1,0,2252
1610,9,1,0,2253
1610,9,1,0,2254
1609,9,1,0,2255
1608,9,1,0,2256
1607,9,1,0,2257
1605,9,0,0,2258
1604,9,1,0,2259
1604,9,0,0,2260
1604,9,0,0,2261
1604,9,0,0,2262
1606,9,0,0,2263
1607,9,0,0,2264
1610,9,0,0,2265
1613,9,0,0,2266
1617,9,0,0,2267
1622,9,0,0,2268
1628,9,0,0,2269
1635,9,0,0,2270
1642,9,0,0,2271
1647,9,0,0,2272
1651,9,0,0,2273
1653,9,0,0,2274
1652,9,0,0,2275
1649,10,0,0,2276
1644,10,0,0,2277
1639,10,0,0,2278
1636,10,0,0,2279
1635,10,0,0,2280
1638,10,0,0,2281
1643,10,0,0,2282
1650,10,0,0,2283
1657,10,0,0,2284
1661,10,0,0,2285
1660,10,0,0,2286
1653,10,0,0,2287
1641,10,0,0,2288
1624,10,-1,0,2289
1606,10,-1,0,2290
1588,10,-1,0,2291
1573,10,-1,0,2292
1564,10,-1,0,2293
1560,10,-2,0,2294
1561,10,-2,0,2295
1567,10,-2,0,2296
1574,10,-2,0,2297
1582,10,-2,0,2298
1589,10,-3,0,2299
1594,10,-3,0,2300
1598,10,-3,0,2301
1600,10,-3,0,2302
1600,9,-3,0,2303
1599,9,-3,0,2304
1596,9,-3,0,2305
1593,8,-3,0,2306
1590,8,-3,0,2307
1587,8,-3,0,2308
1585,7,-3,0,2309
1584,7,-3,0,2310
1583,6,-3,0,2311
1585,6,-3,0,2312
1587,5,-3,0,2313
1590,5,-3,0,2314
1593,4,-2,0,2315
1595,4,-2,0,2316
1596,3,-3,0,2317
1596,3,-3,0,2318
1594,3,-3,0,2319
1591,3,-3,0,2320
1587,3,-3,0,2321
1584,3,-2,0,2322
1581,3,-2,0,2323
1580,3,-2,0,2324
1581,3,-2,0,2325
1584,3,-2,0,2326
1588,4,-2,0,2327
1593,4,-2,0,2328
1598,4,-1,0,2329
1601,4,-1,0,2330
1604,4,-1,0,2331
1604,5,-1,0,2332
1604,5,-1,0,2333
1603,4,-1,0,2334
1601,4,0,0,2335
1600,4,0,0,2336
1600,4,1,0,2337
1601,4,2,0,2338
1602,5,3,0,2339
1604,5,5,0,2340
1607,5,7,0,2341
1609,5,8,0,2342
1612,5,8,0,2343
1615,5,9,0,2344
1618,5,9,0,2345
1622,6,9,0,2346
1627,6,10,0,2347
1631,6,13,0,2348
1635,5,19,0,2349
1638,5,28,0,2350
1641,5,40,0,2351
1641,6,56,0,2352
1641,7,74,0,2353
1640,8,93,0,2354
1638,11,112,0,2355
1636,14,129,0,2356
1634,18,143,0,2357
1633,21,153,0,2358
1632,24,159,0,2359
1632,25,162,0,2360
1632,26,162,0,2361
1633,26,162,0,2362
1635,26,164,0,2363
1639,29,170,0,2364
1644,37,183,0,2365
1652,52,203,0,2366
1662,75,231,0,2367
1672,106,269,0,2368
1682,145,313,0,2369
1691,191,364,0,2370
1699,239,418,0,2371
1704,286,473,0,2372
1706,329,524,0,2373
1705,364,571,0,2374
1703,389,610,0,2375
1699,403,640,0,2376
1693,410,661,0,2377
1687,411,673,0,2378
1680,411,678,0,2379
1673,416,678,0,2380
1652,463,676,0,2381
1640,513,680,0,2382
1626,585,690,0,2383
1612,678,708,0,2384
1597,790,733,0,2385
1584,917,766,0,2386
1573,1053,803,0,2387
1566,1188,841,0,2388
1561,1317,880,0,2389
1561,1434,916,0,2390
1563,1532,948,0,2391
1568,1608,974,0,2392
1573,1662,993,0,2393
1579,1694,1006,0,2394
1584,1710,1013,0,2395
1588,1714,1018,0,2396
1590,1714,1020,0,2397
1592,1716,1022,0,2398
1592,1727,1023,0,2399
1593,1753,1023,0,2400
1595,1797,1023,0,2401
1598,1861,1021,0,2402
1601,1945,1016,0,2403
1604,2045,1006,0,2404
1607,2157,991,0,2405
1609,2276,969,0,2406
1608,2398,940,0,2407
1606,2517,905,0,2408
1601,2627,865,0,2409
1595,2722,821,0,2410
1588,2802,777,0,2411
1581,2864,735,0,2412
1576,2910,697,0,2413
1571,2940,665,0,2414
1567,2959,641,0,2415
1563,2968,624,0,2416
1557,2971,615,0,2417
1547,2971,611,0,2418
1532,2971,611,0,2419
1512,2973,610,0,2420
1488,2980,607,0,2421
1464,2991,597,0,2422
1446,3008,577,0,2423
1441,3029,547,0,2424
1460,3054,506,0,2425
1509,3080,454,0,2426
1596,3107,395,0,2427
1723,3133,331,0,2428
1886,3156,267,0,2429
2076,3177,205,0,2430
2277,3196,147,0,2431
2471,3211,97,0,2432
2636,3223,57,0,2433
2753,3232,24,0,2434
2806,3239,0,0,2435
2786,3242,-21,0,2436
2689,3241,-39,1,2437
2522,3234,-59,1,2438
2296,3220,-82,0,2439
2027,3197,-112,0,2440
1734,3166,-149,0,2441
1439,3127,-193,0,2442
1160,3082,-245,0,2443
915,3034,-301,0,2444
717,2987,-359,0,2445
576,2946,-418,0,2446
495,2911,-473,0,2447
471,2886,-522,0,2448
499,2872,-562,0,2449
567,2865,-594,0,2450
661,2864,-618,0,2451
768,2864,-633,0,2452
875,2859,-644,0,2453
973,2844,-651,0,2454
1056,2813,-658,0,2455
1124,2763,-667,0,2456
1180,2692,-681,0,2457
1231,2600,-700,0,2458
1281,2489,-727,0,2459
1336,2362,-760,0,2460
1399,2228,-796,0,2461
1469,2094,-835,0,2462
1544,1965,-872,0,2463
1617,1848,-908,0,2464
1683,1751,-940,0,2465
1737,1675,-965,0,2466
1776,1622,-984,0,2467
1798,1589,-996,0,2468
1805,1574,-1005,0,2469
1799,1569,-1009,0,2470
1785,1570,-1011,0,2471
1766,1567,-1013,0,2472
1748,1557,-1014,0,2473
1733,1531,-1014,0,2474
1722,1489,-1014,0,2475
1717,1426,-1012,0,2476
1715,1343,-1008,0,2477
1716,1245,-998,0,2478
1719,1134,-982,0,2479
1722,1017,-960,0,2480
1724,896,-932,0,2481
1725,779,-898,0,2482
1725,670,-858,0,2483
1724,576,-816,0,2484
1724,497,-773,0,2485
1723,435,-733,0,2486
1724,390,-696,0,2487
1726,359,-666,0,2488
1729,341,-642,0,2489
1732,332,-626,0,2490
1735,329,-617,0,2491
1737,329,-614,0,2492
1737,329,-613,0,2493
1737,326,-615,0,2494
1735,320,-614,0,2495
1732,309,-610,0,2496
1729,292,-600,0,2497
1726,271,-583,0,2498
1724,246,-558,0,2499
1723,219,-524,0,2500
1723,190,-485,0,2501
1725,162,-441,0,2502
1728,134,-394,0,2503
1733,109,-346,0,2504
1738,88,-299,0,2505
1743,71,-256,0,2506
1747,57,-218,0,2507
1751,47,-186,0,2508
1753,41,-161,0,2509
1753,37,-143,0,2510
1751,34,-130,0,2511
1748,33,-123,0,2512
1743,33,-119,0,2513
1739,33,-118,0,2514
1735,33,-118,0,2515
1732,33,-118,0,2516
1731,33,-118,0,2517
1732,33,-115,0,2518
1735,33,-111,0,2519
1739,32,-104,0,2520
1745,32,-96,0,2521
1751,32,-86,0,2522
1756,32,-75,0,2523
1760,33,-64,0,2524
1763,33,-52,0,2525
1764,34,-41,0,2526
1764,34,-31,0,2527
1763,34,-23,0,2528
1763,35,-16,0,2529
1764,35,-11,0,2530
1766,34,-7,0,2531
1770,34,-5,0,2532
1776,34,-4,0,2533
1783,33,-3,0,2534
1791,33,-4,0,2535
1798,32,-4,0,2536
1805,32,-4,0,2537
1810,32,-5,0,2538
1813,32,-6,0,2539
1815,32,-6,0,2540
1814,32,-6,0,2541
1813,32,-7,0,2542
1810,32,-6,0,2543
1807,32,-7,0,2544
1804,32,-7,0,2545
1803,32,-7,0,2546
1802,31,-7,0,2547
1803,30,-7,0,2548
1805,29,-8,0,2549
1807,28,-8,0,2550
1810,27,-8,0,2551
1813,25,-8,0,2552
1814,24,-8,0,2553
1815,23,-8,0,2554
1815,21,-8,0,2555
1814,20,-8,0,2556
1813,19,-8,0,2557
1813,18,-8,0,2558
1813,17,-7,0,2559
1815,17,-7,0,2560
1816,16,-7,0,2561
1818,16,-7,0,2562
1818,16,-7,0,2563
1817,16,-7,0,2564
1813,16,-7,0,2565
1807,16,-8,0,2566
1799,16,-8,0,2567
1790,16,-8,0,2568
1781,16,-8,0,2569
1773,16,-7,0,2570
1766,16,-7,0,2571
1760,16,-6,0,2572
1756,15,-6,0,2573
1752,15,-6,0,2574
1748,15,-5,0,2575
1742,15,-5,0,2576
1736,15,-4,0,2577
1727,15,-4,0,2578
1716,15,-4,0,2579
1704,15,-3,0,2580
1691,15,-3,0,2581
1677,15,-3,0,2582
1663,14,-3,0,2583
1649,14,-3,0,2584
1636,14,-3,0,2585
1622,14,-3,0,2586
1609,14,-4,0,2587
1597,14,-4,0,2588
1585,14,-4,0,2589
1574,14,-4,0,2590
1564,14,-4,0,2591
1555,13,-4,0,2592
1546,13,-5,0,2593
1539,13,-5,0,2594
1533,12,-5,0,2595
1527,12,-5,0,2596
1521,12,-5,0,2597
1516,11,-5,0,2598
1511,11,-5,0,2599
1507,10,-5,0,2600
1503,10,-5,0,2601
1500,9,-5,0,2602
1498,9,-5,0,2603
1496,8,-5,0,2604
1496,8,-5,0,2605
1495,7,-5,0,2606
1495,7,-5,0,2607
1494,6,-5,0,2608
1494,6,-5,0,2609
1494,5,-5,0,2610
1494,5,-5,0,2611
1495,4,-5,0,2612
1496,4,-5,0,2613
1498,4,-6,0,2614
1501,4,-5,0,2615
1505,4,-5,0,2616
1509,4,-5,0,2617
1514,4,-5,0,2618
1517,4,-5,0,2619
1520,4,-5,0,2620
1522,3,-5,0,2621
1521,3,-5,0,2622
1520,3,-4,0,2623
1517,3,-4,0,2624
1514,3,-4,0,2625
1511,2,-4,0,2626
1508,2,-4,0,2627
1507,2,-4,0,2628
1507,2,-3,0,2629
1508,2,-3,0,2630
1511,1,-3,0,2631
1514,1,-3,0,2632
1519,1,-2,0,2633
1523,1,-2,0,2634
1528,0,-2,0,2635
1532,0,-2,0,2636
1535,0,-2,0,2637
1539,0,-2,0,2638
1542,0,-2,0,2639
1545,0,-2,0,2640
1547,0,-2,0,2641
1549,0,-2,0,2642
1551,0,-2,0,2643
1553,0,-2,0,2644
1554,0,-2,0,2645
1554,0,-2,0,2646
1554,0,-2,0,2647
1554,0,-2,0,2648
1554,0,-1,0,2649
1553,0,-1,0,2650
1553,0,-1,0,2651
1553,0,-1,0,2652
1552,0,-1,0,2653
1552,0,-1,0,2654
1552,0,-1,0,2655
1552,0,-1,0,2656
1552,0,-1,0,2657
1552,0,0,0,2658
1552,0,0,0,2659
1553,0,0,0,2660
1553,0,0,0,2661
1554,0,0,0,2662
1555,0,0,0,2663
1556,0,0,0,2664
1557,0,0,0,2665
1558,0,0,0,2666
1559,0,0,0,2667
1559,0,0,0,2668
1560,0,0,0,2669
1560,0,0,0,2670
1560,0,0,0,2671
1561,0,0,0,2672
1562,0,0,0,2673
1563,0,0,0,2674
1564,0,0,0,2675
1564,0,0,0,2676
1564,0,0,0,2677
1563,0,0,0,2678
1562,0,0,0,2679
1561,0,0,0,2680
1560,0,0,0,2681
1559,0,0,0,2682
1560,0,0,0,2683
1562,0,0,0,2684
1565,0,0,0,2685
1569,0,0,0,2686
1573,0,0,0,2687
1576,0,0,0,2688
1579,0,0,0,2689
1581,0,0,0,2690
1581,0,0,0,2691
1580,0,0,0,2692
1579,0,0,0,2693
1576,0,0,0,2694
1574,0,0,0,2695
1573,0,0,0,2696
1572,0,0,0,2697
1573,0,0,0,2698
1574,0,0,0,2699
1576,0,0,0,2700
1578,0,0,0,2701
1579,0,0,0,2702
1580,0,0,0,2703
1580,0,0,0,2704
1580,0,0,0,2705
1579,0,0,0,2706
1578,0,1,0,2707
1577,0,1,0,2708
1576,0,1,0,2709
1575,0,1,0,2710
1575,0,1,0,2711
1575,0,1,0,2712
1576,0,1,0,2713
1577,0,1,0,2714
1578,0,1,0,2715
1578,0,1,0,2716
1579,0,1,0,2717
1579,1,1,0,2718
1580,1,1,0,2719
1580,1,1,0,2720
1581,2,1,0,2721
1583,2,1,0,2722
1584,2,2,0,2723
1586,3,2,0,2724
1587,3,2,0,2725
1588,3,2,0,2726
1589,4,2,0,2727
1590,4,2,0,2728
1590,4,2,0,2729
1590,5,3,0,2730
1591,5,3,0,2731
1592,5,3,0,2732
1593,5,3,0,2733
1595,5,3,0,2734
1597,5,3,0,2735
1599,5,3,0,2736
1601,5,3,0,2737
1602,5,4,0,2738
1602,5,4,0,2739
1602,6,4,0,2740
1601,6,3,0,2741
1599,6,4,0,2742
1597,6,4,0,2743
1596,7,3,0,2744
1596,7,3,0,2745
1597,7,3,0,2746
1598,8,3,0,2747
1601,8,3,0,2748
1604,9,3,0,2749
1607,9,3,0,2750
1610,9,3,0,2751
1611,10,3,0,2752
1612,10,2,0,2753
1611,10,2,0,2754
1610,11,2,0,2755
1608,11,2,0,2756
1606,11,2,0,2757
1605,11,2,0,2758
1604,12,2,0,2759
1604,12,2,0,2760
1604,12,2,0,2761
1605,12,2,0,2762
1607,12,2,0,2763
1610,12,2,0,2764
1613,12,2,0,2765
1618,12,2,0,2766
1623,12,2,0,2767
1630,12,2,0,2768
1637,12,2,0,2769
1643,12,2,0,2770
1649,12,2,0,2771
1653,12,1,0,2772
1655,12,1,0,2773
1654,12,1,0,2774
1650,12,1,0,2775
1645,12,1,0,2776
1640,12,1,0,2777
1637,12,1,0,2778
1636,12,1,0,2779
1638,12,1,0,2780
1644,12,1,0,2781
1651,12,0,0,2782
1657,13,0,0,2783
1660,13,0,0,2784
1659,13,0,0,2785
1652,13,0,0,2786
1639,14,0,0,2787
1623,14,0,0,2788
1604,14,0,0,2789
1587,14,0,0,2790
1573,14,0,0,2791
1564,14,0,0,2792
1560,14,0,0,2793
1562,14,0,0,2794
1567,14,0,0,2795
1574,14,0,0,2796
1582,14,0,0,2797
1589,14,0,0,2798
1594,14,0,0,2799
1598,14,0,0,2800
1600,14,0,0,2801
1600,14,0,0,2802
1599,13,0,0,2803
1597,13,0,0,2804
1594,13,0,0,2805
1591,13,-1,0,2806
1588,13,-1,0,2807
1585,13,-1,0,2808
1584,13,-1,0,2809
1583,13,-2,0,2810
1585,14,-2,0,2811
1587,14,-2,0,2812
1590,14,-2,0,2813
1593,14,-2,0,2814
1595,14,-2,0,2815
1596,13,-2,0,2816
1596,13,-2,0,2817
1594,13,-2,0,2818
1590,12,-2,0,2819
1587,12,-2,0,2820
1583,12,-2,0,2821
1581,12,-2,0,2822
1580,11,-2,0,2823
1581,11,-2,0,2824
1584,11,-2,0,2825
1588,11,-1,0,2826
1593,11,-1,0,2827
1597,10,0,0,2828
1601,10,0,0,2829
1603,10,0,0,2830
1604,10,0,0,2831
1603,9,0,0,2832
1602,9,0,0,2833
1600,9,0,0,2834
1599,9,0,0,2835
1599,9,1,0,2836
1600,9,2,0,2837
1601,10,4,0,2838
1603,10,6,0,2839
1606,11,8,0,2840
1608,11,9,0,2841
1611,11,11,0,2842
1615,12,11,0,2843
1619,12,11,0,2844
1623,13,11,0,2845
1628,13,12,0,2846
1633,13,14,0,2847
1637,13,19,0,2848
1640,13,27,0,2849
1642,13,37,0,2850
1642,14,52,0,2851
1642,15,68,0,2852
1640,18,85,0,2853
1638,21,103,0,2854
1635,25,119,0,2855
1633,30,133,0,2856
1632,35,143,0,2857
1630,38,149,0,2858
1630,41,152,0,2859
1630,42,153,0,2860
1631,41,152,0,2861
1633,41,154,0,2862
1636,43,159,0,2863
1642,48,171,0,2864
1650,60,189,0,2865
1659,79,216,0,2866
1669,106,251,0,2867
1680,141,294,0,2868
1690,182,342,0,2869
1698,225,394,0,2870
1703,269,446,0,2871
1706,309,495,0,2872
1706,343,539,0,2873
1703,368,574,0,2874
1699,383,602,0,2875
1694,391,620,0,2876
1687,392,631,0,2877
1680,392,635,0,2878
1672,396,634,0,2879
1652,439,632,0,2880
1639,485,636,0,2881
1626,553,646,0,2882
1612,642,664,0,2883
1597,749,689,0,2884
1585,870,720,0,2885
1574,1000,756,0,2886
1566,1129,794,0,2887
1562,1251,832,0,2888
1561,1361,868,0,2889
1563,1451,900,0,2890
1567,1522,925,0,2891
1573,1570,945,0,2892
1578,1600,959,0,2893
1583,1614,967,0,2894
1587,1617,971,0,2895
1590,1617,973,0,2896
1592,1620,973,0,2897
1593,1632,973,0,2898
1594,1658,974,0,2899
1596,1702,974,0,2900
1598,1764,972,0,2901
1601,1844,968,0,2902
1605,1940,959,0,2903
1607,2047,945,0,2904
1609,2161,925,0,2905
1609,2278,898,0,2906
1606,2392,865,0,2907
1601,2497,827,0,2908
1594,2590,785,0,2909
1587,2668,744,0,2910
1580,2728,704,0,2911
1574,2771,667,0,2912
1570,2801,638,0,2913
1567,2818,615,0,2914
1564,2826,599,0,2915
1559,2828,591,0,2916
1550,2828,587,0,2917
1536,2828,587,0,2918
1515,2831,587,0,2919
1489,2838,584,0,2920
1462,2850,575,0,2921
1441,2867,556,0,2922
1435,2889,528,0,2923
1453,2913,489,0,2924
1505,2939,441,0,2925
1596,2965,385,0,2926
1729,2990,325,0,2927
1898,3012,263,0,2928
2093,3031,203,0,2929
2297,3047,147,0,2930
2490,3060,99,0,2931
2652,3070,59,0,2932
2763,3078,28,0,2933
2808,3084,4,0,2934
2778,3087,-15,0,2935
2673,3087,-33,1,2936
2499,3082,-51,1,2937
2269,3070,-73,0,2938
1998,3050,-100,0,2939
1707,3023,-136,0,2940
1416,2988,-178,0,2941
1144,2948,-228,0,2942
906,2904,-282,0,2943
714,2861,-338,0,2944
576,2820,-394,0,2945
496,2787,-446,0,2946
471,2762,-492,0,2947
495,2747,-530,0,2948
558,2740,-560,0,2949
647,2739,-582,0,2950
751,2739,-596,0,2951
857,2734,-606,0,2952
956,2720,-612,0,2953
1043,2692,-618,0,2954
1117,2645,-627,0,2955
1179,2578,-640,0,2956
1234,2490,-660,0,2957
1288,2384,-685,0,2958
1346,2263,-717,0,2959
1410,2134,-752,0,2960
1480,2005,-790,0,2961
1553,1883,-827,0,2962
1625,1774,-862,0,2963
1689,1684,-894,0,2964
1741,1614,-919,0,2965
1779,1565,-938,0,2966
1799,1536,-952,0,2967
1805,1522,-960,0,2968
1798,1518,-964,0,2969
1783,1518,-966,0,2970
1765,1516,-967,0,2971
1747,1504,-967,0,2972
1732,1479,-968,0,2973
1721,1436,-968,0,2974
1716,1375,-966,0,2975
1715,1296,-962,0,2976
1716,1202,-953,0,2977
1719,1097,-939,0,2978
1722,984,-919,0,2979
1724,868,-893,0,2980
1725,755,-860,0,2981
1725,652,-823,0,2982
1724,559,-782,0,2983
1724,482,-742,0,2984
1723,422,-704,0,2985
1724,378,-670,0,2986
1726,349,-642,0,2987
1729,331,-621,0,2988
1731,323,-606,0,2989
1734,320,-598,0,2990
1736,320,-595,0,2991
1737,320,-595,0,2992
1736,317,-596,0,2993
1735,310,-595,0,2994
1732,298,-590,0,2995
1729,281,-580,0,2996
1726,259,-563,0,2997
1724,234,-539,0,2998
1723,207,-507,0,2999
1723,179,-470,0,3000
1725,150,-428,0,3001
1728,124,-382,0,3002
1732,100,-336,0,3003
1737,80,-291,0,3004
1742,63,-250,0,3005
1747,51,-212,0,3006
1750,41,-181,0,3007
1752,35,-157,0,3008
1753,32,-140,0,3009
1751,30,-128,0,3010
1748,29,-120,0,3011
1744,29,-117,0,3012
1739,29,-116,0,3013
1735,29,-116,0,3014
1732,29,-116,0,3015
1730,29,-115,0,3016
1731,29,-112,0,3017
1734,29,-108,0,3018
1739,29,-101,0,3019
1744,28,-92,0,3020
1750,28,-82,0,3021
1755,29,-72,0,3022
1759,29,-60,0,3023
1762,30,-49,0,3024
1763,30,-38,0,3025
1762,30,-29,0,3026
1762,31,-21,0,3027
1762,31,-14,0,3028
1763,31,-10,0,3029
1765,31,-6,0,3030
1769,31,-4,0,3031
1774,31,-4,0,3032
1780,30,-4,0,3033
1787,30,-4,0,3034
1795,29,-4,0,3035
1801,29,-4,0,3036
1806,29,-5,0,3037
1810,29,-6,0,3038
1812,28,-6,0,3039
1812,29,-6,0,3040
1811,29,-6,0,3041
1809,29,-7,0,3042
1806,28,-6,0,3043
1803,28,-6,0,3044
1801,28,-7,0,3045
1801,27,-7,0,3046
1801,26,-7,0,3047
1803,25,-7,0,3048
1806,24,-7,0,3049
1808,22,-8,0,3050
1811,21,-7,0,3051
1813,20,-7,0,3052
1813,19,-7,0,3053
1813,17,-7,0,3054
1813,16,-7,0,3055
1812,15,-6,0,3056
1812,14,-6,0,3057
1812,14,-6,0,3058
1814,13,-6,0,3059
1815,13,-6,0,3060
1817,13,-6,0,3061
1818,13,-5,0,3062
1817,13,-6,0,3063
1814,13,-6,0,3064
1808,13,-6,0,3065
1801,13,-5,0,3066
1792,13,-5,0,3067
1783,14,-5,0,3068
1774,14,-5,0,3069
1767,14,-4,0,3070
1761,14,-4,0,3071
1756,15,-4,0,3072
1751,15,-3,0,3073
1747,15,-3,0,3074
1741,15,-2,0,3075
1734,15,-2,0,3076
1726,16,-2,0,3077
1715,16,-1,0,3078
1703,16,-1,0,3079
1690,16,-1,0,3080
1677,16,-1,0,3081
1663,16,0,0,3082
1649,16,0,0,3083
1635,16,0,0,3084
1622,16,0,0,3085
1609,16,-1,0,3086
1597,16,-1,0,3087
1585,16,-1,0,3088
1575,16,-1,0,3089
1565,15,-1,0,3090
1556,15,-1,0,3091
1548,15,-1,0,3092
1541,15,-1,0,3093
1534,14,-1,0,3094
1528,14,-2,0,3095
1522,14,-2,0,3096
1516,13,-2,0,3097
1511,13,-2,0,3098
1506,13,-2,0,3099
1502,13,-2,0,3100
1499,13,-2,0,3101
1497,13,-2,0,3102
1495,12,-2,0,3103
1494,12,-2,0,3104
1494,12,-2,0,3105
1494,12,-2,0,3106
1494,12,-2,0,3107
1494,12,-2,0,3108
1494,12,-2,0,3109
1494,12,-2,0,3110
1495,12,-2,0,3111
1496,12,-2,0,3112
1498,12,-2,0,3113
1501,12,-2,0,3114
1505,12,-2,0,3115
1509,12,-2,0,3116
1513,12,-2,0,3117
1517,12,-2,0,3118
1520,12,-2,0,3119
1521,12,-1,0,3120
1521,12,-2,0,3121
1520,12,-2,0,3122
1517,12,-2,0,3123
1514,12,-2,0,3124
1511,11,-2,0,3125
1508,11,-2,0,3126
1507,11,-2,0,3127
1507,11,-2,0,3128
1508,11,-2,0,3129
1511,11,-2,0,3130
1515,11,-2,0,3131
1520,11,-2,0,3132
1525,11,-3,0,3133
1529,11,-3,0,3134
1534,11,-3,0,3135
1537,11,-3,0,3136
1540,11,-3,0,3137
1543,10,-3,0,3138
1545,10,-3,0,3139
1547,10,-3,0,3140
1549,9,-3,0,3141
1551,9,-3,0,3142
1552,9,-3,0,3143
1553,8,-3,0,3144
1553,8,-3,0,3145
1553,8,-3,0,3146
1553,7,-3,0,3147
1553,7,-3,0,3148
1552,7,-3,0,3149
1552,6,-3,0,3150
1551,6,-3,0,3151
1551,6,-3,0,3152
1551,6,-3,0,3153
1551,5,-3,0,3154
1552,5,-3,0,3155
1552,5,-3,0,3156
1552,5,-3,0,3157
1553,5,-4,0,3158
1553,5,-4,0,3159
1553,5,-4,0,3160
1554,5,-3,0,3161
1555,5,-4,0,3162
1556,5,-4,0,3163
1557,5,-3,0,3164
1558,5,-4,0,3165
1559,5,-4,0,3166
1559,5,-3,0,3167
1560,5,-4,0,3168
1560,5,-4,0,3169
1561,5,-3,0,3170
1562,5,-3,0,3171
1563,4,-3,0,3172
1564,4,-3,0,3173
1565,4,-3,0,3174
1565,3,-3,0,3175
1565,3,-3,0,3176
1564,3,-2,0,3177
1563,3,-2,0,3178
1561,2,-2,0,3179
1560,2,-2,0,3180
1559,2,-2,0,3181
1560,1,-2,0,3182
1562,1,-2,0,3183
1565,1,-2,0,3184
1568,0,-2,0,3185
1572,0,-2,0,3186
1576,0,-2,0,3187
1579,0,-2,0,3188
1581,0,-2,0,3189
1581,0,-2,0,3190
1580,0,-2,0,3191
1578,0,-2,0,3192
1576,0,-2,0,3193
1574,0,-2,0,3194
1572,0,-2,0,3195
1572,0,-2,0,3196
1572,0,-2,0,3197
1573,0,-1,0,3198
1575,0,-1,0,3199
1577,0,-1,0,3200
1578,0,-1,0,3201
1579,0,0,0,3202
1580,0,0,0,3203
1580,0,0,0,3204
1579,0,0,0,3205
1578,0,0,0,3206
1576,0,0,0,3207
1575,1,0,0,3208
1575,1,0,0,3209
1575,1,0,0,3210
1575,1,0,0,3211
1575,1,1,0,3212
1576,1,1,0,3213
1576,1,1,0,3214
1577,1,1,0,3215
1577,1,1,0,3216
1578,2,1,0,3217
1579,2,1,0,3218
1580,2,1,0,3219
1581,2,1,0,3220
1583,2,1,0,3221
1584,2,1,0,3222
1586,2,1,0,3223
1587,2,1,0,3224
1588,2,1,0,3225
1589,2,1,0,3226
1589,2,1,0,3227
1589,2,1,0,3228
1589,3,1,0,3229
1589,3,1,0,3230
1589,3,1,0,3231
1590,3,1,0,3232
1592,3,1,0,3233
1593,3,1,0,3234
1595,3,1,0,3235
1597,3,1,0,3236
1598,4,1,0,3237
1599,4,1,0,3238
1599,4,1,0,3239
1598,4,0,0,3240
1597,4,0,0,3241
1596,4,0,0,3242
1595,4,0,0,3243
1594,4,0,0,3244
1595,4,0,0,3245
1597,4,0,0,3246
1599,4,0,0,3247
1602,4,0,0,3248
1605,4,0,0,3249
1608,4,0,0,3250
1609,4,0,0,3251
1610,4,0,0,3252
1609,4,0,0,3253
1608,4,0,0,3254
1607,4,0,0,3255
1606,4,0,0,3256
1605,4,0,0,3257
1604,4,0,0,3258
1604,4,0,0,3259
1604,4,0,0,3260
1605,4,-1,0,3261
1607,4,-1,0,3262
1609,4,-1,0,3263
1612,4,-1,0,3264
1616,4,-1,0,3265
1622,4,-1,0,3266
1628,4,-1,0,3267
1635,4,-1,0,3268
1641,4,-1,0,3269
1647,4,-1,0,3270
1651,4,-1,0,3271
1653,4,-1,0,3272
1652,4,-1,0,3273
1648,4,-1,0,3274
1644,4,-1,0,3275
1639,4,-1,0,3276
1636,4,-1,0,3277
1635,3,-1,0,3278
1638,3,-1,0,3279
1644,3,-1,0,3280
1651,3,-1,0,3281
1657,3,-1,0,3282
1660,3,-1,0,3283
1659,3,-1,0,3284
1651,3,-1,0,3285
1638,3,-1,0,3286
1621,2,-1,0,3287
1603,2,-1,0,3288
1585,2,-1,0,3289
1571,2,-1,0,3290
1563,2,-1,0,3291
1559,2,-1,0,3292
1561,2,-1,0,3293
1567,2,-1,0,3294
1574,2,-1,0,3295
1582,2,-1,0,3296
1589,2,-1,0,3297
1595,2,-1,0,3298
1599,2,-1,0,3299
1601,2,-1,0,3300
1601,2,0,0,3301
1600,2,0,0,3302
1597,2,0,0,3303
1594,2,0,0,3304
1591,2,0,0,3305
1588,2,0,0,3306
1586,2,0,0,3307
1584,2,0,0,3308
1584,2,0,0,3309
1585,2,0,0,3310
1588,3,1,0,3311
1590,3,1,0,3312
1593,3,1,0,3313
1595,3,1,0,3314
1596,3,1,0,3315
1595,3,1,0,3316
1593,3,1,0,3317
1590,3,1,0,3318
1587,3,1,0,3319
1584,3,1,0,3320
1582,3,1,0,3321
1581,3,1,0,3322
1582,3,1,0,3323
1585,4,1,0,3324
1589,4,1,0,3325
1593,4,1,0,3326
1597,4,1,0,3327
1601,5,1,0,3328
1603,5,1,0,3329
1604,5,1,0,3330
1604,5,1,0,3331
1603,5,1,0,3332
1601,5,2,0,3333
1601,5,2,0,3334
1600,5,3,0,3335
1601,5,5,0,3336
1603,5,7,0,3337
1605,5,9,0,3338
1607,6,11,0,3339
1609,6,12,0,3340
1612,6,13,0,3341
1615,6,14,0,3342
1619,7,14,0,3343
1623,7,14,0,3344
1628,7,15,0,3345
1632,7,18,0,3346
1637,7,23,0,3347
1640,7,32,0,3348
1642,7,45,0,3349
1643,8,60,0,3350
1642,10,78,0,3351
1641,12,97,0,3352
1639,16,117,0,3353
1636,21,135,0,3354
1634,27,149,0,3355
1632,32,160,0,3356
1631,35,167,0,3357
1630,38,170,0,3358
1630,39,171,0,3359
1630,39,171,0,3360
1633,39,172,0,3361
1636,42,177,0,3362
1642,49,188,0,3363
1650,63,206,0,3364
1660,85,232,0,3365
1670,117,266,0,3366
1681,156,308,0,3367
1690,201,356,0,3368
1698,250,407,0,3369
1703,299,459,0,3370
1705,343,508,0,3371
1704,379,553,0,3372
1701,406,591,0,3373
1697,424,619,0,3374
1692,432,639,0,3375
1686,434,651,0,3376
1680,434,655,0,3377
1673,437,655,0,3378
1655,477,652,0,3379
1643,522,655,0,3380
1629,588,664,0,3381
1615,674,680,0,3382
1600,779,704,0,3383
1587,898,734,0,3384
1576,1025,768,0,3385
1567,1155,804,0,3386
1563,1279,840,0,3387
1562,1391,873,0,3388
1564,1486,901,0,3389
1568,1560,923,0,3390
1573,1612,939,0,3391
1579,1644,949,0,3392
1584,1660,955,0,3393
1587,1665,957,0,3394
1589,1664,958,0,3395
1591,1666,957,0,3396
1592,1677,957,0,3397
1593,1700,957,0,3398
1595,1741,957,0,3399
1598,1800,956,0,3400
1602,1878,952,0,3401
1606,1970,944,0,3402
1609,2075,931,0,3403
1610,2187,911,0,3404
1610,2301,885,0,3405
1607,2410,852,0,3406
1601,2510,814,0,3407
1594,2599,773,0,3408
1586,2673,730,0,3409
1579,2732,688,0,3410
1574,2774,650,0,3411
1570,2802,617,0,3412
1567,2819,592,0,3413
1564,2826,575,0,3414
1559,2828,565,0,3415
1549,2828,561,0,3416
1533,2829,560,0,3417
1511,2831,560,0,3418
1484,2839,557,0,3419
1458,2851,547,0,3420
1438,2867,529,0,3421
1434,2887,500,0,3422
1456,2910,461,0,3423
1512,2935,411,0,3424
1608,2960,355,0,3425
1743,2982,294,0,3426
1913,3001,232,0,3427
2106,3017,172,0,3428
2308,3031,117,0,3429
2498,3042,71,0,3430
2658,3051,31,0,3431
2769,3058,1,0,3432
2816,3064,-22,0,3433
2793,3066,-40,0,3434
2697,3066,-57,1,3435
2533,3060,-74,1,3436
2311,3046,-95,0,3437
2046,3023,-122,0,3438
1757,2992,-157,0,3439
1463,2953,-199,0,3440
1183,2908,-247,0,3441
934,2860,-301,0,3442
731,2811,-357,0,3443
584,2768,-413,0,3444
497,2732,-466,0,3445
469,2705,-513,0,3446
493,2688,-553,0,3447
558,2679,-584,0,3448
651,2677,-605,0,3449
757,2677,-619,0,3450
865,2674,-627,0,3451
965,2661,-633,0,3452
1051,2634,-638,0,3453
1124,2589,-646,0,3454
1185,2523,-658,0,3455
1240,2437,-676,0,3456
1294,2333,-700,0,3457
1351,2215,-730,0,3458
1415,2088,-764,0,3459
1483,1959,-800,0,3460
1555,1835,-835,0,3461
1624,1723,-868,0,3462
1686,1628,-896,0,3463
1737,1554,-918,0,3464
1774,1502,-934,0,3465
1795,1470,-943,0,3466
1801,1455,-950,0,3467
1796,1450,-952,0,3468
1783,1450,-952,0,3469
1766,1448,-952,0,3470
1748,1438,-952,0,3471
1733,1415,-952,0,3472
1722,1376,-952,0,3473
1716,1318,-951,0,3474
1714,1241,-947,0,3475
1715,1150,-939,0,3476
1718,1046,-926,0,3477
1721,936,-906,0,3478
1723,823,-880,0,3479
1725,714,-848,0,3480
1725,615,-811,0,3481
1724,527,-771,0,3482
1724,454,-730,0,3483
1724,395,-690,0,3484
1725,353,-654,0,3485
1726,325,-623,0,3486
1729,309,-599,0,3487
1732,301,-583,0,3488
1734,299,-574,0,3489
1736,299,-570,0,3490
1737,298,-569,0,3491
1737,295,-570,0,3492
1736,288,-570,0,3493
1733,276,-566,0,3494
1731,259,-556,0,3495
1728,239,-541,0,3496
1726,215,-518,0,3497
1725,189,-487,0,3498
1726,162,-450,0,3499
1727,135,-409,0,3500
1730,112,-365,0,3501
1734,90,-320,0,3502
1739,72,-276,0,3503
1743,57,-236,0,3504
1748,45,-201,0,3505
1751,37,-172,0,3506
1753,32,-148,0,3507
1753,28,-131,0,3508
1752,26,-120,0,3509
1749,25,-113,0,3510
1744,25,-110,0,3511
1740,25,-109,0,3512
1735,25,-109,0,3513
1732,25,-109,0,3514
1731,25,-108,0,3515
1731,25,-106,0,3516
1734,25,-101,0,3517
1739,25,-94,0,3518
1744,25,-86,0,3519
1750,25,-77,0,3520
1755,25,-66,0,3521
1759,25,-56,0,3522
1762,26,-45,0,3523
1763,26,-36,0,3524
1763,27,-27,0,3525
1762,27,-20,0,3526
1762,27,-14,0,3527
1762,27,-9,0,3528
1764,27,-6,0,3529
1768,27,-4,0,3530
1773,27,-3,0,3531
1780,26,-2,0,3532
1787,25,-2,0,3533
1794,25,-3,0,3534
1801,24,-3,0,3535
1806,24,-4,0,3536
1810,24,-4,0,3537
1812,24,-4,0,3538
1812,24,-5,0,3539
1811,24,-5,0,3540
1808,24,-5,0,3541
1806,24,-5,0,3542
1803,24,-5,0,3543
1801,24,-5,0,3544
1800,24,-5,0,3545
1801,23,-6,0,3546
1802,23,-6,0,3547
1805,22,-6,0,3548
1808,21,-6,0,3549
1811,20,-6,0,3550
1812,19,-6,0,3551
1813,18,-6,0,3552
1813,17,-6,0,3553
1812,16,-6,0,3554
1811,15,-6,0,3555
1810,14,-6,0,3556
1811,14,-6,0,3557
1812,14,-5,0,3558
1813,13,-5,0,3559
1815,13,-5,0,3560
1816,13,-5,0,3561
1815,13,-5,0,3562
1811,13,-5,0,3563
1806,13,-5,0,3564
1799,13,-5,0,3565
1790,13,-5,0,3566
1781,13,-5,0,3567
1773,13,-5,0,3568
1766,12,-5,0,3569
1760,12,-5,0,3570
1755,12,-4,0,3571
1750,12,-4,0,3572
1745,12,-4,0,3573
1740,12,-4,0,3574
1733,12,-3,0,3575
1724,12,-3,0,3576
1714,12,-3,0,3577
1703,12,-2,0,3578
1691,12,-2,0,3579
1678,12,-2,0,3580
1664,12,-3,0,3581
1651,12,-2,0,3582
1637,12,-2,0,3583
1623,12,-2,0,3584
1610,12,-3,0,3585
1597,12,-3,0,3586
1585,12,-3,0,3587
1573,12,-3,0,3588
1563,12,-2,0,3589
1554,11,-2,0,3590
1546,11,-2,0,3591
1539,11,-2,0,3592
1533,10,-2,0,3593
1527,10,-2,0,3594
1521,10,-2,0,3595
1516,9,-2,0,3596
1510,9,-1,0,3597
1506,8,-1,0,3598
1502,8,-2,0,3599
1499,8,-2,0,3600
1497,8,-2,0,3601
1495,7,-2,0,3602
1494,7,-2,0,3603
1494,7,-2,0,3604
1494,7,-2,0,3605
1493,8,-2,0,3606
1493,8,-2,0,3607
1493,8,-2,0,3608
1493,9,-2,0,3609
1494,9,-3,0,3610
1495,9,-3,0,3611
1497,9,-3,0,3612
1500,9,-2,0,3613
1504,10,-2,0,3614
1509,10,-2,0,3615
1513,9,-2,0,3616
1517,9,-2,0,3617
1520,9,-2,0,3618
1522,9,-2,0,3619
1522,8,-2,0,3620
1520,8,-1,0,3621
1518,8,-1,0,3622
1515,8,-1,0,3623
1512,7,-1,0,3624
1509,7,0,0,3625
1508,7,0,0,3626
1508,6,0,0,3627
1509,6,0,0,3628
1512,6,-1,0,3629
1516,6,-1,0,3630
1520,6,0,0,3631
1525,6,-1,0,3632
1530,6,-1,0,3633
1534,6,0,0,3634
1538,6,0,0,3635
1541,6,0,0,3636
1544,6,0,0,3637
1546,6,0,0,3638
1548,6,0,0,3639
1550,6,1,0,3640
1551,6,1,0,3641
1552,7,1,0,3642
1553,7,1,0,3643
1553,7,2,0,3644
1554,7,2,0,3645
1554,7,2,0,3646
1553,7,2,0,3647
1553,8,2,0,3648
1553,8,2,0,3649
1553,8,3,0,3650
1553,9,3,0,3651
1553,9,3,0,3652
1553,10,3,0,3653
1553,10,3,0,3654
1553,11,3,0,3655
1553,11,3,0,3656
1553,12,3,0,3657
1554,12,3,0,3658
1554,13,3,0,3659
1555,13,2,0,3660
1556,14,2,0,3661
1557,14,2,0,3662
1558,14,2,0,3663
1559,14,2,0,3664
1560,14,2,0,3665
1560,14,2,0,3666
1560,14,2,0,3667
1561,14,2,0,3668
1561,14,2,0,3669
1561,14,2,0,3670
1562,14,2,0,3671
1563,14,2,0,3672
1564,14,2,0,3673
1565,14,1,0,3674
1565,14,2,0,3675
1564,14,1,0,3676
1563,13,2,0,3677
1561,13,1,0,3678
1560,13,1,0,3679
1560,13,1,0,3680
1561,13,1,0,3681
1563,13,1,0,3682
1566,13,1,0,3683
1570,13,1,0,3684
1574,13,1,0,3685
1577,13,1,0,3686
1580,13,1,0,3687
1582,14,1,0,3688
1582,14,1,0,3689
1580,14,1,0,3690
1578,14,1,0,3691
1576,15,1,0,3692
1573,15,1,0,3693
1572,16,1,0,3694
1571,16,1,0,3695
1572,16,1,0,3696
1573,17,1,0,3697
1575,17,1,0,3698
1577,17,1,0,3699
1579,17,1,0,3700
1580,17,1,0,3701
1580,17,1,0,3702
1580,17,1,0,3703
1579,17,1,0,3704
1578,17,1,0,3705
1577,17,1,0,3706
1576,17,1,0,3707
1576,17,1,0,3708
1576,17,1,0,3709
1576,17,0,0,3710
1576,17,0,0,3711
1577,17,0,0,3712
1578,17,0,0,3713
1578,17,-1,0,3714
1579,18,-1,0,3715
1579,18,-2,0,3716
1579,18,-2,0,3717
1580,18,-2,0,3718
1581,18,-2,0,3719
1583,17,-3,0,3720
1584,17,-3,0,3721
1586,17,-3,0,3722
1587,17,-3,0,3723
1589,16,-3,0,3724
1589,16,-3,0,3725
1590,16,-3,0,3726
1590,15,-3,0,3727
1590,15,-3,0,3728
1589,14,-3,0,3729
1590,14,-3,0,3730
1590,13,-3,0,3731
1592,13,-3,0,3732
1594,12,-3,0,3733
1596,12,-3,0,3734
1597,11,-3,0,3735
1599,11,-4,0,3736
1599,11,-4,0,3737
1599,11,-4,0,3738
1598,10,-4,0,3739
1597,10,-4,0,3740
1595,10,-4,0,3741
1594,10,-4,0,3742
1594,10,-4,0,3743
1595,10,-4,0,3744
1597,10,-5,0,3745
1599,10,-5,0,3746
1602,10,-5,0,3747
1605,10,-5,0,3748
1607,10,-5,0,3749
1609,10,-5,0,3750
1609,10,-5,0,3751
1609,10,-5,0,3752
1608,9,-5,0,3753
1606,9,-5,0,3754
1605,9,-5,0,3755
1604,9,-4,0,3756
1603,8,-4,0,3757
1603,8,-4,0,3758
1604,8,-4,0,3759
1605,7,-4,0,3760
1607,7,-4,0,3761
1609,6,-4,0,3762
1613,6,-4,0,3763
1617,5,-4,0,3764
1622,5,-4,0,3765
1628,4,-4,0,3766
1635,4,-4,0,3767
1641,3,-4,0,3768
1647,3,-4,0,3769
1651,2,-4,0,3770
1653,2,-4,0,3771
1652,2,-4,0,3772
1649,2,-4,0,3773
1644,2,-4,0,3774
1639,2,-4,0,3775
1636,1,-4,0,3776
1635,1,-4,0,3777
1638,1,-4,0,3778
1643,1,-4,0,3779
1650,1,-4,0,3780
1657,1,-4,0,3781
1661,1,-4,0,3782
1661,1,-3,0,3783
1654,1,-3,0,3784
1642,1,-3,0,3785
1625,1,-3,0,3786
1606,1,-2,0,3787
1589,1,-2,0,3788
1574,0,-2,0,3789
1565,0,-2,0,3790
1561,0,-2,0,3791
1562,0,-2,0,3792
1568,0,-1,0,3793
1575,0,-1,0,3794
1583,0,-1,0,3795
1590,0,-1,0,3796
1595,0,-1,0,3797
1599,0,-1,0,3798
1600,0,-1,0,3799
1600,0,-1,0,3800
1599,0,-1,0,3801
1597,0,-1,0,3802
1594,0,-1,0,3803
1591,0,-1,0,3804
1588,0,-1,0,3805
1586,0,-1,0,3806
1584,0,-1,0,3807
1584,0,-1,0,3808
1585,0,-1,0,3809
1588,0,-1,0,3810
1591,0,-1,0,3811
1593,0,0,0,3812
1596,0,0,0,3813
1597,0,0,0,3814
1596,0,0,0,3815
1594,0,0,0,3816
1591,0,0,0,3817
1588,0,0,0,3818
1584,0,0,0,3819
1582,0,0,0,3820
1581,0,0,0,3821
1581,0,0,0,3822
1584,0,0,0,3823
1588,0,0,0,3824
1593,0,0,0,3825
1597,0,0,0,3826
1601,0,0,0,3827
1603,0,0,0,3828
1604,0,0,0,3829
1603,0,0,0,3830
1602,0,0,0,3831
1601,0,1,0,3832
1599,0,1,0,3833
1599,0,3,0,3834
1600,0,4,0,3835
1601,0,5,0,3836
1603,0,7,0,3837
1605,1,9,0,3838
1608,1,11,0,3839
1611,1,12,0,3840
1614,1,13,0,3841
1618,2,13,0,3842
1622,2,13,0,3843
1627,2,14,0,3844
1632,2,17,0,3845
1636,2,22,0,3846
1639,2,31,0,3847
1641,2,44,0,3848
1642,3,61,0,3849
1641,5,79,0,3850
1639,8,99,0,3851
1637,11,119,0,3852
1635,15,139,0,3853
1633,20,154,0,3854
1631,25,166,0,3855
1630,29,173,0,3856
1630,32,177,0,3857
1630,33,178,0,3858
1631,33,178,0,3859
1633,33,179,0,3860
1637,36,184,0,3861
1642,43,194,0,3862
1650,57,212,0,3863
1659,80,237,0,3864
1669,112,272,0,3865
1679,153,313,0,3866
1689,200,361,0,3867
1696,250,413,0,3868
1702,300,466,0,3869
1704,348,517,0,3870
1705,387,563,0,3871
1702,417,601,0,3872
1699,435,631,0,3873
1693,444,651,0,3874
1687,447,664,0,3875
1680,447,669,0,3876
1672,450,669,0,3877
1652,488,667,0,3878
1640,532,669,0,3879
1627,596,677,0,3880
1612,683,692,0,3881
1598,787,715,0,3882
1585,907,744,0,3883
1575,1037,779,0,3884
1567,1169,815,0,3885
1562,1296,851,0,3886
1561,1411,883,0,3887
1563,1508,912,0,3888
1567,1584,935,0,3889
1573,1638,952,0,3890
1578,1672,963,0,3891
1583,1689,969,0,3892
1587,1695,971,0,3893
1590,1695,972,0,3894
1591,1697,972,0,3895
1592,1706,972,0,3896
1593,1727,972,0,3897
1595,1765,972,0,3898
1597,1822,971,0,3899
1600,1898,967,0,3900
1604,1991,960,0,3901
1607,2096,947,0,3902
1608,2208,928,0,3903
1608,2322,902,0,3904
1606,2434,870,0,3905
1601,2539,832,0,3906
1594,2632,790,0,3907
1587,2710,747,0,3908
1579,2772,703,0,3909
1573,2817,664,0,3910
1569,2848,631,0,3911
1565,2867,605,0,3912
1562,2876,587,0,3913
1558,2878,576,0,3914
1549,2878,571,0,3915
1535,2879,570,0,3916
1514,2882,570,0,3917
1489,2889,567,0,3918
1463,2901,557,0,3919
1441,2918,540,0,3920
1434,2940,512,0,3921
1450,2964,473,0,3922
1499,2989,424,0,3923
1587,3014,367,0,3924
1716,3037,305,0,3925
1883,3056,241,0,3926
2076,3073,180,0,3927
2280,3087,123,0,3928
2475,3097,74,0,3929
2641,3106,33,0,3930
2757,3114,1,0,3931
2808,3119,-24,0,3932
2786,3122,-42,0,3933
2688,3121,-60,1,3934
2519,3115,-78,1,3935
2292,3101,-98,0,3936
2023,3079,-125,0,3937
1731,3046,-159,0,3938
1436,3006,-201,0,3939
1158,2959,-249,0,3940
914,2909,-304,0,3941
717,2859,-361,0,3942
578,2813,-418,0,3943
497,2774,-472,0,3944
475,2744,-521,0,3945
502,2726,-562,0,3946
568,2717,-593,0,3947
