value,sample number
0,0
0,1
0,2
0,3
0,4
0,5
0,6
0,7
6,8
51,9
187,10
443,11
790,12
1151,13
1440,14
1600,15
1617,16
1515,17
1340,18
1141,19
955,20
802,21
685,22
597,23
528,24
469,25
414,26
358,27
297,28
228,29
-517,30
-501,31
-484,32
-469,33
-458,34
-451,35
-444,36
-433,37
-415,38
-391,39
-365,40
-343,41
-329,42
-323,43
-322,44
-319,45
-307,46
-283,47
-249,48
-210,49
-172,50
-139,51
-111,52
-84,53
-53,54
-15,55
28,56
71,57
108,58
133,59
579,60
565,61
544,62
515,63
481,64
449,65
424,66
408,67
399,68
391,69
379,70
360,71
334,72
306,73
282,74
264,75
252,76
240,77
223,78
197,79
164,80
130,81
102,82
85,83
80,84
81,85
81,86
74,87
58,88
36,89
-326,90
-332,91
-333,92
-328,93
-320,94
-314,95
-314,96
-320,97
-329,98
-335,99
-333,100
-321,101
-301,102
-278,103
-258,104
-245,105
-238,106
-233,107
-225,108
-209,109
-185,110
-156,111
-129,112
-110,113
-100,114
-95,115
-89,116
-77,117
-58,118
-34,119
24,120
18,121
7,122
-10,123
-30,124
-47,125
-55,126
-51,127
-38,128
-23,129
-14,130
-17,131
-33,132
-58,133
-85,134
-106,135
-118,136
-122,137
-123,138
-124,139
-127,140
-130,141
-130,142
-123,143
-108,144
-89,145
-72,146
-63,147
-64,148
-74,149
411,150
392,151
369,152
347,153
331,154
323,155
322,156
322,157
317,158
302,159
278,160
249,161
222,162
202,163
190,164
183,165
174,166
159,167
136,168
109,169
85,170
70,171
65,172
66,173
67,174
62,175
49,176
30,177
11,178
-1,179
-167,180
-182,181
-189,182
-186,183
-176,184
-165,185
-161,186
-167,187
-181,188
-198,189
-210,190
-213,191
-206,192
-192,193
-178,194
-168,195
-164,196
-163,197
-160,198
-152,199
-138,200
-121,201
-106,202
-98,203
-97,204
-101,205
-103,206
-98,207
-83,208
-60,209
86,210
94,211
99,212
96,213
85,214
71,215
59,216
55,217
60,218
70,219
80,220
84,221
79,222
66,223
50,224
36,225
26,226
19,227
11,228
-2,229
-23,230
-50,231
-76,232
-94,233
-100,234
-94,235
-80,236
-66,237
-58,238
-59,239
-563,240
-449,241
-344,242
-252,243
-175,244
-115,245
-68,246
-29,247
10,248
56,249
112,250
177,251
244,252
305,253
353,254
384,255
400,256
406,257
406,258
401,259
391,260
374,261
348,262
315,263
280,264
250,265
231,266
226,267
231,268
239,269
-77,270
-66,271
-49,272
-30,273
-16,274
-11,275
-14,276
-21,277
-26,278
-24,279
-16,280
-6,281
0,282
-2,283
-12,284
-26,285
-38,286
-43,287
-39,288
-30,289
-22,290
-20,291
-26,292
-37,293
-48,294
-53,295
-50,296
-42,297
-34,298
-32,299
95,300
91,301
91,302
99,303
116,304
137,305
155,306
163,307
158,308
142,309
121,310
104,311
96,312
98,313
105,314
112,315
113,316
107,317
97,318
88,319
85,320
89,321
96,322
100,323
96,324
82,325
61,326
40,327
25,328
20,329
-9,330
20,331
54,332
100,333
162,334
240,335
327,336
410,337
472,338
499,339
479,340
409,341
294,342
146,343
-21,344
-193,345
-358,346
-510,347
-646,348
-761,349
-849,350
-903,351
-918,352
-894,353
-835,354
-749,355
-646,356
-534,357
-420,358
-310,359
-98,360
-92,361
-91,362
-99,363
-113,364
-128,365
-137,366
-137,367
-129,368
-118,369
-111,370
-111,371
-118,372
-129,373
-138,374
-141,375
-137,376
-129,377
-123,378
-122,379
-127,380
-136,381
-143,382
-144,383
-138,384
-128,385
-119,386
-117,387
-123,388
-135,389
159,390
151,391
150,392
158,393
171,394
184,395
192,396
195,397
195,398
196,399
202,400
214,401
227,402
236,403
236,404
225,405
207,406
188,407
176,408
174,409
181,410
191,411
197,412
194,413
182,414
165,415
150,416
142,417
143,418
150,419
-94,420
-95,421
-81,422
-45,423
13,424
89,425
174,426
257,427
327,428
375,429
393,430
372,431
306,432
193,433
39,434
-143,435
-335,436
-518,437
-678,438
-806,439
-901,440
-964,441
-999,442
-1007,443
-987,444
-939,445
-862,446
-760,447
-641,448
-517,449
-91,450
-97,451
-112,452
-131,453
-145,454
-148,455
-139,456
-121,457
-101,458
-88,459
-85,460
-90,461
-99,462
-106,463
-107,464
-103,465
-97,466
-95,467
-100,468
-111,469
-123,470
-131,471
-130,472
-121,473
-108,474
-97,475
-93,476
-97,477
-106,478
-113,479
262,480
254,481
240,482
226,483
218,484
218,485
224,486
231,487
233,488
227,489
214,490
199,491
189,492
189,493
199,494
214,495
228,496
236,497
236,498
229,499
220,500
214,501
213,502
215,503
216,504
211,505
198,506
179,507
160,508
146,509
-101,510
-93,511
-94,512
-103,513
-114,514
-120,515
-116,516
-100,517
-73,518
-39,519
2,520
50,521
109,522
182,523
267,524
355,525
430,526
471,527
459,528
385,529
254,530
83,531
-105,532
-288,533
-451,534
-591,535
-710,536
-813,537
-898,538
-957,539
-112,540
-114,541
-110,542
-104,543
-101,544
-104,545
-113,546
-124,547
-132,548
-133,549
-128,550
-121,551
-118,552
-123,553
-136,554
-151,555
-161,556
-160,557
-146,558
-123,559
-100,560
-85,561
-83,562
-93,563
-110,564
-125,565
-131,566
-127,567
-116,568
-105,569
187,570
190,571
188,572
185,573
186,574
193,575
204,576
216,577
224,578
225,579
220,580
214,581
211,582
214,583
222,584
230,585
232,586
225,587
210,588
193,589
181,590
178,591
185,592
197,593
207,594
208,595
198,596
180,597
161,598
148,599
-76,600
-72,601
-79,602
-95,603
-113,604
-127,605
-133,606
-131,607
-126,608
-122,609
-123,610
-128,611
-134,612
-136,613
-132,614
-124,615
-117,616
-117,617
-127,618
-143,619
-157,620
-158,621
-136,622
-88,623
-17,624
69,625
159,626
245,627
320,628
380,629
-68,630
-74,631
-85,632
-96,633
-102,634
-101,635
-94,636
-86,637
-84,638
-91,639
-108,640
-129,641
-147,642
-156,643
-155,644
-146,645
-136,646
-130,647
-132,648
-140,649
-149,650
-155,651
-154,652
-147,653
-139,654
-135,655
-138,656
-146,657
-155,658
-158,659
173,660
171,661
178,662
194,663
214,664
232,665
242,666
243,667
237,668
230,669
228,670
234,671
246,672
258,673
265,674
263,675
254,676
243,677
236,678
237,679
245,680
256,681
262,682
259,683
246,684
226,685
205,686
189,687
180,688
178,689
-116,690
-140,691
-164,692
-180,693
-185,694
-180,695
-171,696
-163,697
-158,698
-156,699
-154,700
-148,701
-137,702
-122,703
-108,704
-100,705
-101,706
-109,707
-118,708
-123,709
-120,710
-110,711
-99,712
-93,713
-96,714
-109,715
-128,716
-147,717
-159,718
-161,719
39,720
41,721
41,722
35,723
23,724
9,725
-1,726
-4,727
-1,728
3,729
2,730
-9,731
-30,732
-56,733
-80,734
-95,735
-98,736
-92,737
-83,738
-78,739
-81,740
-92,741
-106,742
-117,743
-121,744
-118,745
-111,746
-106,747
-107,748
-114,749
-39,750
-39,751
-35,752
-25,753
-9,754
8,755
20,756
24,757
20,758
13,759
9,760
12,761
23,762
38,763
52,764
61,765
64,766
64,767
66,768
74,769
89,770
108,771
126,772
137,773
139,774
133,775
126,776
123,777
128,778
140,779
15,780
16,781
9,782
-4,783
-17,784
-25,785
-27,786
-25,787
-25,788
-31,789
-45,790
-63,791
-78,792
-85,793
-80,794
-65,795
-47,796
-33,797
-28,798
-33,799
-44,800
-55,801
-60,802
-56,803
-46,804
-34,805
-25,806
-22,807
-24,808
-28,809
395,810
264,811
101,812
-82,813
-272,814
-456,815
-621,816
-757,817
-857,818
-917,819
-936,820
-916,821
-863,822
-783,823
-682,824
-566,825
-441,826
-314,827
-193,828
-87,829
-2,830
60,831
104,832
139,833
175,834
220,835
276,836
340,837
405,838
462,839
-85,840
-104,841
-116,842
-118,843
-113,844
-106,845
-103,846
-108,847
-118,848
-129,849
-136,850
-135,851
-127,852
-117,853
-111,854
-112,855
-119,856
-128,857
-132,858
-128,859
-118,860
-107,861
-102,862
-107,863
-123,864
-145,865
-167,866
-181,867
-184,868
-179,869
194,870
201,871
195,872
181,873
167,874
159,875
158,876
162,877
165,878
163,879
155,880
143,881
132,882
127,883
130,884
138,885
145,886
146,887
138,888
123,889
105,890
90,891
81,892
77,893
75,894
71,895
63,896
53,897
44,898
41,899
-117,900
-116,901
-106,902
-88,903
-68,904
-52,905
-45,906
-48,907
-57,908
-66,909
-69,910
-65,911
-57,912
-50,913
-50,914
-58,915
-70,916
-78,917
-74,918
-52,919
-11,920
46,921
113,922
186,923
261,924
336,925
408,926
469,927
507,928
508,929
-13,930
-25,931
-30,932
-28,933
-24,934
-24,935
-31,936
-44,937
-59,938
-69,939
-70,940
-63,941
-53,942
-47,943
-51,944
-65,945
-86,946
-106,947
-117,948
-116,949
-105,950
-90,951
-78,952
-73,953
-77,954
-87,955
-97,956
-104,957
-107,958
-110,959
93,960
109,961
122,962
129,963
131,964
130,965
131,966
138,967
152,968
170,969
187,970
198,971
201,972
198,973
194,974
194,975
200,976
211,977
222,978
228,979
226,980
218,981
208,982
202,983
204,984
214,985
227,986
238,987
243,988
240,989
-88,990
-87,991
-83,992
-83,993
-90,994
-105,995
-125,996
-143,997
-154,998
-156,999
-152,1000
-148,1001
-149,1002
-158,1003
-172,1004
-185,1005
-191,1006
-186,1007
-171,1008
-151,1009
-132,1010
-120,1011
-116,1012
-117,1013
-116,1014
-109,1015
-95,1016
-79,1017
-67,1018
-65,1019
266,1020
266,1021
258,1022
240,1023
215,1024
190,1025
171,1026
162,1027
161,1028
162,1029
157,1030
142,1031
117,1032
87,1033
59,1034
38,1035
25,1036
17,1037
9,1038
-3,1039
-20,1040
-38,1041
-51,1042
-54,1043
-46,1044
-31,1045
-16,1046
-8,1047
-11,1048
-24,1049
-192,1050
-197,1051
-198,1052
-192,1053
-177,1054
-158,1055
-141,1056
-132,1057
-134,1058
-144,1059
-155,1060
-160,1061
-154,1062
-139,1063
-119,1064
-100,1065
-87,1066
-80,1067
-75,1068
-68,1069
-55,1070
-36,1071
-14,1072
5,1073
17,1074
21,1075
21,1076
23,1077
31,1078
46,1079
21,1080
23,1081
32,1082
41,1083
43,1084
35,1085
18,1086
-2,1087
-18,1088
-26,1089
-27,1090
-25,1091
-24,1092
-27,1093
-33,1094
-39,1095
-40,1096
-33,1097
-20,1098
-7,1099
-2,1100
-9,1101
-28,1102
-54,1103
-78,1104
-93,1105
-95,1106
-87,1107
-76,1108
-69,1109
-865,1110
-864,1111
-836,1112
-781,1113
-700,1114
-596,1115
-475,1116
-348,1117
-228,1118
-126,1119
-50,1120
1,1121
33,1122
58,1123
85,1124
121,1125
165,1126
213,1127
257,1128
292,1129
317,1130
334,1131
347,1132
359,1133
369,1134
374,1135
370,1136
355,1137
331,1138
303,1139
-64,1140
-67,1141
-80,1142
-96,1143
-108,1144
-112,1145
-108,1146
-101,1147
-97,1148
-99,1149
-105,1150
-110,1151
-109,1152
-100,1153
-86,1154
-75,1155
-74,1156
-86,1157
-109,1158
-137,1159
-162,1160
-176,1161
-177,1162
-169,1163
-159,1164
-153,1165
-155,1166
-164,1167
-175,1168
-182,1169
102,1170
98,1171
96,1172
99,1173
106,1174
114,1175
118,1176
115,1177
106,1178
95,1179
89,1180
92,1181
105,1182
123,1183
140,1184
150,1185
151,1186
145,1187
137,1188
132,1189
134,1190
141,1191
148,1192
148,1193
139,1194
122,1195
101,1196
84,1197
75,1198
76,1199
-69,1200
-10,1201
62,1202
139,1203
213,1204
278,1205
329,1206
361,1207
365,1208
333,1209
257,1210
136,1211
-21,1212
-198,1213
-375,1214
-534,1215
-665,1216
-765,1217
-836,1218
-882,1219
-905,1220
-903,1221
-871,1222
-806,1223
-709,1224
-588,1225
-457,1226
-332,1227
-227,1228
-148,1229
-72,1230
-64,1231
-55,1232
-50,1233
-53,1234
-64,1235
-79,1236
-92,1237
-97,1238
-93,1239
-84,1240
-76,1241
-75,1242
-83,1243
-97,1244
-111,1245
-118,1246
-114,1247
-99,1248
-79,1249
-61,1250
-50,1251
-47,1252
-49,1253
-52,1254
-52,1255
-49,1256
-45,1257
-45,1258
-51,1259
95,1260
99,1261
100,1262
94,1263
81,1264
66,1265
54,1266
52,1267
61,1268
78,1269
96,1270
109,1271
113,1272
109,1273
101,1274
94,1275
93,1276
97,1277
103,1278
105,1279
100,1280
89,1281
75,1282
65,1283
64,1284
72,1285
85,1286
97,1287
102,1288
98,1289
-84,1290
-92,1291
-94,1292
-89,1293
-79,1294
-70,1295
-67,1296
-73,1297
-88,1298
-105,1299
-117,1300
-119,1301
-110,1302
-94,1303
-78,1304
-68,1305
-68,1306
-75,1307
-85,1308
-92,1309
-93,1310
-90,1311
-87,1312
-89,1313
-97,1314
-106,1315
-108,1316
-94,1317
-58,1318
2,1319
62,1320
39,1321
28,1322
29,1323
37,1324
43,1325
42,1326
33,1327
18,1328
3,1329
-6,1330
-8,1331
-6,1332
-6,1333
-13,1334
-28,1335
-48,1336
-67,1337
-79,1338
-81,1339
-75,1340
-66,1341
-62,1342
-66,1343
-77,1344
-91,1345
-102,1346
-105,1347
-99,1348
-89,1349
-130,1350
-115,1351
-93,1352
-70,1353
-53,1354
-46,1355
-47,1356
-50,1357
-47,1358
-34,1359
-12,1360
13,1361
33,1362
43,1363
41,1364
33,1365
26,1366
26,1367
36,1368
53,1369
71,1370
84,1371
89,1372
89,1373
89,1374
95,1375
109,1376
129,1377
148,1378
160,1379
60,1380
67,1381
74,1382
76,1383
69,1384
55,1385
40,1386
29,1387
25,1388
27,1389
30,1390
28,1391
18,1392
1,1393
-19,1394
-36,1395
-47,1396
-52,1397
-55,1398
-61,1399
-74,1400
-94,1401
-116,1402
-134,1403
-143,1404
-142,1405
-135,1406
-129,1407
-130,1408
-140,1409
-523,1410
-407,1411
-301,1412
-205,1413
-119,1414
-42,1415
24,1416
78,1417
124,1418
167,1419
213,1420
267,1421
328,1422
390,1423
444,1424
480,1425
493,1426
485,1427
465,1428
443,1429
426,1430
416,1431
410,1432
402,1433
388,1434
367,1435
343,1436
321,1437
307,1438
301,1439
-168,1440
-180,1441
-183,1442
-176,1443
-163,1444
-151,1445
-147,1446
-153,1447
-167,1448
-183,1449
-196,1450
-203,1451
-206,1452
-207,1453
-210,1454
-214,1455
-217,1456
-215,1457
-204,1458
-185,1459
-162,1460
-142,1461
-132,1462
-136,1463
-151,1464
-170,1465
-185,1466
-191,1467
-187,1468
-176,1469
204,1470
186,1471
164,1472
146,1473
139,1474
143,1475
153,1476
161,1477
162,1478
155,1479
142,1480
130,1481
124,1482
126,1483
132,1484
136,1485
131,1486
115,1487
90,1488
63,1489
42,1490
32,1491
34,1492
44,1493
55,1494
61,1495
60,1496
54,1497
48,1498
47,1499
258,1500
325,1501
384,1502
426,1503
438,1504
407,1505
326,1506
198,1507
37,1508
-135,1509
-298,1510
-439,1511
-555,1512
-650,1513
-730,1514
-797,1515
-846,1516
-865,1517
-842,1518
-773,1519
-663,1520
-527,1521
-386,1522
-259,1523
-157,1524
-82,1525
-29,1526
13,1527
53,1528
95,1529
-100,1530
-102,1531
-111,1532
-124,1533
-135,1534
-140,1535
-137,1536
-130,1537
-124,1538
-123,1539
-129,1540
-138,1541
-145,1542
-144,1543
-133,1544
-114,1545
-94,1546
-80,1547
-76,1548
-81,1549
-90,1550
-96,1551
-96,1552
-89,1553
-80,1554
-75,1555
-78,1556
-89,1557
-104,1558
-116,1559
152,1560
148,1561
138,1562
127,1563
121,1564
123,1565
131,1566
140,1567
145,1568
142,1569
133,1570
122,1571
115,1572
116,1573
124,1574
134,1575
139,1576
135,1577
122,1578
105,1579
91,1580
85,1581
88,1582
97,1583
105,1584
107,1585
100,1586
87,1587
74,1588
67,1589
-88,1590
-87,1591
-80,1592
-72,1593
-66,1594
-63,1595
-57,1596
-40,1597
-4,1598
53,1599
126,1600
207,1601
283,1602
341,1603
370,1604
364,1605
318,1606
233,1607
113,1608
-33,1609
-195,1610
-361,1611
-520,1612
-661,1613
-777,1614
-863,1615
-916,1616
-936,1617
-924,1618
-882,1619
-63,1620
-66,1621
-73,1622
-79,1623
-80,1624
-73,1625
-60,1626
-47,1627
-40,1628
-42,1629
-52,1630
-64,1631
-72,1632
-71,1633
-63,1634
-53,1635
-47,1636
-51,1637
-65,1638
-84,1639
-101,1640
-111,1641
-111,1642
-104,1643
-97,1644
-96,1645
-103,1646
-117,1647
-131,1648
-140,1649
129,1650
131,1651
141,1652
153,1653
161,1654
161,1655
153,1656
142,1657
134,1658
134,1659
143,1660
157,1661
169,1662
173,1663
167,1664
155,1665
142,1666
134,1667
134,1668
139,1669
145,1670
146,1671
141,1672
131,1673
122,1674
119,1675
124,1676
134,1677
144,1678
148,1679
-103,1680
-109,1681
-104,1682
-91,1683
-76,1684
-66,1685
-65,1686
-72,1687
-83,1688
-91,1689
-91,1690
-83,1691
-71,1692
-63,1693
-63,1694
-73,1695
-89,1696
-105,1697
-115,1698
-116,1699
-109,1700
-96,1701
-80,1702
-61,1703
-35,1704
5,1705
65,1706
145,1707
240,1708
336,1709
23,1710
14,1711
13,1712
15,1713
14,1714
6,1715
-9,1716
-26,1717
-39,1718
-44,1719
-40,1720
-32,1721
-27,1722
-30,1723
-41,1724
-57,1725
-70,1726
-75,1727
-70,1728
-57,1729
-43,1730
-35,1731
-36,1732
-45,1733
-57,1734
-66,1735
-67,1736
-62,1737
-55,1738
-52,1739
-57,1740
-42,1741
-37,1742
-40,1743
-47,1744
-51,1745
-47,1746
-35,1747
-21,1748
-11,1749
-9,1750
-16,1751
-27,1752
-35,1753
-35,1754
-25,1755
-8,1756
9,1757
21,1758
25,1759
22,1760
17,1761
15,1762
18,1763
25,1764
32,1765
36,1766
36,1767
35,1768
36,1769
58,1770
69,1771
73,1772
67,1773
55,1774
43,1775
37,1776
39,1777
47,1778
55,1779
56,1780
46,1781
26,1782
2,1783
-18,1784
-30,1785
-33,1786
-31,1787
-30,1788
-35,1789
-47,1790
-62,1791
-75,1792
-81,1793
-79,1794
-72,1795
-66,1796
-66,1797
-73,1798
-85,1799
-363,1800
-246,1801
-156,1802
-92,1803
-44,1804
-1,1805
47,1806
105,1807
171,1808
238,1809
298,1810
347,1811
385,1812
415,1813
440,1814
461,1815
476,1816
482,1817
475,1818
455,1819
427,1820
398,1821
375,1822
361,1823
356,1824
355,1825
350,1826
337,1827
315,1828
289,1829
-140,1830
-127,1831
-120,1832
-120,1833
-124,1834
-126,1835
-121,1836
-108,1837
-91,1838
-76,1839
-69,1840
-73,1841
-85,1842
-98,1843
-106,1844
-106,1845
-99,1846
-89,1847
-83,1848
-85,1849
-95,1850
-108,1851
-118,1852
-122,1853
-119,1854
-113,1855
-108,1856
-108,1857
-113,1858
-120,1859
88,1860
87,1861
79,1862
65,1863
51,1864
42,1865
42,1866
49,1867
58,1868
62,1869
57,1870
44,1871
29,1872
20,1873
22,1874
34,1875
50,1876
63,1877
66,1878
58,1879
41,1880
22,1881
8,1882
1,1883
0,1884
1,1885
-2,1886
-11,1887
-25,1888
-39,1889
-48,1890
-43,1891
-47,1892
-59,1893
-73,1894
-83,1895
-85,1896
-78,1897
-67,1898
-58,1899
-55,1900
-59,1901
-63,1902
-58,1903
-36,1904
8,1905
73,1906
152,1907
237,1908
321,1909
397,1910
460,1911
504,1912
518,1913
489,1914
408,1915
274,1916
96,1917
-106,1918
-309,1919
-52,1920
-52,1921
-50,1922
-51,1923
-58,1924
-72,1925
-89,1926
-103,1927
-109,1928
-108,1929
-104,1930
-103,1931
-109,1932
-123,1933
-141,1934
-156,1935
-163,1936
-160,1937
-149,1938
-138,1939
-133,1940
-138,1941
-151,1942
-166,1943
-175,1944
-175,1945
-166,1946
-153,1947
-143,1948
-141,1949
119,1950
126,1951
128,1952
127,1953
128,1954
135,1955
148,1956
163,1957
174,1958
175,1959
166,1960
151,1961
136,1962
129,1963
134,1964
149,1965
168,1966
184,1967
192,1968
191,1969
185,1970
180,1971
181,1972
188,1973
198,1974
206,1975
207,1976
199,1977
187,1978
177,1979
-115,1980
-108,1981
-108,1982
-119,1983
-138,1984
-160,1985
-181,1986
-197,1987
-208,1988
-216,1989
-224,1990
-232,1991
-239,1992
-240,1993
-232,1994
-215,1995
-193,1996
-172,1997
-160,1998
-160,1999
-171,2000
-187,2001
-199,2002
-201,2003
-192,2004
-177,2005
-163,2006
-158,2007
-164,2008
-178,2009
122,2010
120,2011
121,2012
119,2013
109,2014
91,2015
68,2016
47,2017
33,2018
28,2019
29,2020
30,2021
26,2022
15,2023
-1,2024
-16,2025
-23,2026
-20,2027
-9,2028
4,2029
12,2030
11,2031
2,2032
-10,2033
-19,2034
-21,2035
-15,2036
-6,2037
0,2038
-1,2039
-137,2040
-144,2041
-151,2042
-152,2043
-144,2044
-129,2045
-112,2046
-98,2047
-91,2048
-90,2049
-91,2050
-88,2051
-78,2052
-61,2053
-42,2054
-27,2055
-20,2056
-21,2057
-26,2058
-27,2059
-19,2060
-2,2061
20,2062
40,2063
52,2064
53,2065
47,2066
40,2067
38,2068
45,2069
51,2070
48,2071
37,2072
21,2073
5,2074
-4,2075
-4,2076
4,2077
13,2078
17,2079
11,2080
-4,2081
-22,2082
-36,2083
-42,2084
-39,2085
-32,2086
-28,2087
-31,2088
-43,2089
-59,2090
-73,2091
-80,2092
-78,2093
-70,2094
-62,2095
-59,2096
-64,2097
-75,2098
-87,2099
324,2100
396,2101
446,2102
466,2103
451,2104
399,2105
311,2106
190,2107
43,2108
-121,2109
-291,2110
-454,2111
-599,2112
-718,2113
-804,2114
-853,2115
-865,2116
-841,2117
-785,2118
-701,2119
-595,2120
-475,2121
-349,2122
-228,2123
-123,2124
-41,2125
16,2126
52,2127
77,2128
103,2129
-117,2130
-117,2131
-113,2132
-112,2133
-116,2134
-125,2135
-134,2136
-138,2137
-134,2138
-124,2139
-113,2140
-107,2141
-109,2142
-119,2143
-133,2144
-145,2145
-150,2146
-146,2147
-136,2148
-126,2149
-122,2150
-125,2151
-132,2152
-137,2153
-136,2154
-127,2155
-114,2156
-103,2157
-100,2158
-107,2159
146,2160
142,2161
147,2162
156,2163
163,2164
162,2165
152,2166
136,2167
121,2168
113,2169
115,2170
124,2171
135,2172
141,2173
138,2174
127,2175
113,2176
103,2177
101,2178
107,2179
116,2180
122,2181
121,2182
112,2183
99,2184
89,2185
86,2186
91,2187
100,2188
106,2189
-95,2190
-103,2191
-114,2192
-121,2193
-120,2194
-111,2195
-99,2196
-90,2197
-89,2198
-97,2199
-111,2200
-124,2201
-129,2202
-124,2203
-112,2204
-99,2205
-92,2206
-95,2207
-106,2208
-118,2209
-123,2210
-113,2211
-86,2212
-44,2213
8,2214
66,2215
127,2216
192,2217
261,2218
333,2219
-39,2220
-39,2221
-39,2222
-43,2223
-53,2224
-66,2225
-77,2226
-81,2227
-77,2228
-67,2229
-57,2230
-53,2231
-58,2232
-70,2233
-85,2234
-96,2235
-100,2236
-97,2237
-91,2238
-88,2239
-92,2240
-103,2241
-117,2242
-126,2243
-126,2244
-116,2245
-100,2246
-85,2247
-78,2248
-82,2249
57,2250
61,2251
58,2252
54,2253
55,2254
65,2255
81,2256
98,2257
110,2258
114,2259
110,2260
103,2261
99,2262
102,2263
112,2264
125,2265
135,2266
137,2267
131,2268
120,2269
112,2270
112,2271
121,2272
136,2273
149,2274
154,2275
150,2276
140,2277
130,2278
128,2279
-58,2280
-60,2281
-51,2282
-36,2283
-22,2284
-16,2285
-21,2286
-33,2287
-45,2288
-50,2289
-44,2290
-29,2291
-11,2292
2,2293
5,2294
-2,2295
-15,2296
-28,2297
-36,2298
-38,2299
-37,2300
-38,2301
-45,2302
-59,2303
-76,2304
-91,2305
-99,2306
-99,2307
-95,2308
-92,2309
-413,2310
-300,2311
-210,2312
-140,2313
-82,2314
-29,2315
24,2316
77,2317
129,2318
179,2319
228,2320
280,2321
336,2322
393,2323
444,2324
480,2325
495,2326
487,2327
460,2328
425,2329
393,2330
372,2331
364,2332
364,2333
364,2334
357,2335
340,2336
316,2337
291,2338
271,2339
-94,2340
-99,2341
-109,2342
-118,2343
-120,2344
-113,2345
-100,2346
-87,2347
-79,2348
-80,2349
-88,2350
-98,2351
-105,2352
-106,2353
-102,2354
-98,2355
-99,2356
-108,2357
-124,2358
-141,2359
-153,2360
-156,2361
-150,2362
-140,2363
-132,2364
-132,2365
-142,2366
-157,2367
-171,2368
-178,2369
105,2370
85,2371
72,2372
70,2373
77,2374
88,2375
96,2376
97,2377
90,2378
79,2379
70,2380
68,2381
73,2382
81,2383
86,2384
82,2385
67,2386
46,2387
25,2388
12,2389
9,2390
15,2391
25,2392
32,2393
32,2394
26,2395
19,2396
16,2397
20,2398
30,2399
-196,2400
-204,2401
-202,2402
-190,2403
-171,2404
-150,2405
-134,2406
-125,2407
-121,2408
-118,2409
-112,2410
-102,2411
-89,2412
-78,2413
-74,2414
-79,2415
-91,2416
-104,2417
-110,2418
-106,2419
-92,2420
-75,2421
-61,2422
-56,2423
-61,2424
-72,2425
-83,2426
-88,2427
-86,2428
-79,2429
22,2430
-3,2431
-26,2432
-40,2433
-43,2434
-37,2435
-29,2436
-27,2437
-34,2438
-49,2439
-67,2440
-80,2441
-84,2442
-80,2443
-72,2444
-67,2445
-70,2446
-82,2447
-99,2448
-114,2449
-122,2450
-120,2451
-111,2452
-101,2453
-95,2454
-95,2455
-100,2456
-106,2457
-108,2458
-103,2459
81,2460
92,2461
109,2462
128,2463
144,2464
153,2465
154,2466
151,2467
148,2468
148,2469
151,2470
154,2471
153,2472
146,2473
134,2474
123,2475
120,2476
129,2477
148,2478
172,2479
191,2480
198,2481
192,2482
176,2483
158,2484
145,2485
141,2486
144,2487
150,2488
153,2489
-30,2490
-46,2491
-58,2492
-62,2493
-61,2494
-60,2495
-65,2496
-78,2497
-96,2498
-113,2499
-122,2500
-119,2501
-106,2502
-90,2503
-78,2504
-76,2505
-84,2506
-97,2507
-106,2508
-106,2509
-95,2510
-78,2511
-62,2512
-55,2513
-61,2514
-77,2515
-97,2516
-114,2517
-123,2518
-124,2519
-647,2520
-507,2521
-372,2522
-256,2523
-165,2524
-97,2525
-43,2526
6,2527
56,2528
107,2529
157,2530
204,2531
248,2532
291,2533
337,2534
386,2535
435,2536
477,2537
504,2538
510,2539
494,2540
463,2541
426,2542
393,2543
371,2544
360,2545
355,2546
349,2547
337,2548
318,2549
-141,2550
-128,2551
-119,2552
-119,2553
-127,2554
-139,2555
-148,2556
-149,2557
-141,2558
-128,2559
-116,2560
-111,2561
-116,2562
-128,2563
-140,2564
-147,2565
-147,2566
-142,2567
-137,2568
-138,2569
-148,2570
-165,2571
-183,2572
-196,2573
-200,2574
-196,2575
-188,2576
-183,2577
-185,2578
-195,2579
130,2580
136,2581
147,2582
156,2583
157,2584
147,2585
128,2586
108,2587
93,2588
87,2589
90,2590
97,2591
101,2592
99,2593
90,2594
79,2595
71,2596
69,2597
73,2598
79,2599
81,2600
73,2601
55,2602
33,2603
14,2604
4,2605
6,2606
17,2607
30,2608
38,2609
-171,2610
-171,2611
-178,2612
-188,2613
-193,2614
-190,2615
-178,2616
-162,2617
-149,2618
-145,2619
-150,2620
-161,2621
-169,2622
-168,2623
-156,2624
-135,2625
-112,2626
-94,2627
-86,2628
-87,2629
-92,2630
-95,2631
-93,2632
-86,2633
-77,2634
-69,2635
-63,2636
-53,2637
-32,2638
9,2639
65,2640
67,2641
60,2642
43,2643
20,2644
-3,2645
-18,2646
-22,2647
-18,2648
-12,2649
-12,2650
-22,2651
-40,2652
-61,2653
-79,2654
-89,2655
-90,2656
-87,2657
-86,2658
-91,2659
-102,2660
-116,2661
-126,2662
-127,2663
-119,2664
-105,2665
-93,2666
-88,2667
-93,2668
-104,2669
40,2670
60,2671
74,2672
79,2673
78,2674
77,2675
82,2676
95,2677
113,2678
131,2679
143,2680
147,2681
144,2682
139,2683
139,2684
147,2685
163,2686
182,2687
198,2688
205,2689
203,2690
197,2691
193,2692
197,2693
209,2694
225,2695
239,2696
244,2697
239,2698
227,2699
-26,2700
-41,2701
-53,2702
-57,2703
-52,2704
-42,2705
-33,2706
-32,2707
-41,2708
-57,2709
-74,2710
-86,2711
-89,2712
-84,2713
-76,2714
-71,2715
-74,2716
-84,2717
-97,2718
-108,2719
-113,2720
-112,2721
-109,2722
-110,2723
-119,2724
-135,2725
-154,2726
-170,2727
-178,2728
-178,2729
66,2730
116,2731
158,2732
193,2733
225,2734
261,2735
306,2736
362,2737
425,2738
485,2739
532,2740
559,2741
564,2742
552,2743
531,2744
510,2745
493,2746
479,2747
464,2748
444,2749
419,2750
391,2751
366,2752
349,2753
340,2754
337,2755
333,2756
323,2757
304,2758
278,2759
-198,2760
-183,2761
-170,2762
-164,2763
-168,2764
-179,2765
-191,2766
-198,2767
-198,2768
-192,2769
-185,2770
-184,2771
-192,2772
-209,2773
-229,2774
-245,2775
-252,2776
-249,2777
-241,2778
-233,2779
-230,2780
-234,2781
-241,2782
-246,2783
-244,2784
-234,2785
-219,2786
-204,2787
-194,2788
-191,2789
65,2790
57,2791
57,2792
61,2793
63,2794
59,2795
48,2796
33,2797
19,2798
12,2799
14,2800
22,2801
31,2802
35,2803
32,2804
23,2805
14,2806
10,2807
15,2808
27,2809
41,2810
50,2811
50,2812
41,2813
28,2814
17,2815
13,2816
16,2817
22,2818
25,2819
-109,2820
-102,2821
-87,2822
-70,2823
-57,2824
-53,2825
-57,2826
-64,2827
-67,2828
-62,2829
-50,2830
-36,2831
-27,2832
-26,2833
-32,2834
-39,2835
-40,2836
-29,2837
-2,2838
40,2839
92,2840
150,2841
213,2842
282,2843
358,2844
438,2845
515,2846
575,2847
601,2848
577,2849
-31,2850
-44,2851
-49,2852
-48,2853
-46,2854
-48,2855
-56,2856
-68,2857
-79,2858
-84,2859
-81,2860
-72,2861
-63,2862
-61,2863
-69,2864
-86,2865
-107,2866
-125,2867
-135,2868
-135,2869
-130,2870
-127,2871
-130,2872
-141,2873
-155,2874
-166,2875
-169,2876
-163,2877
-150,2878
-136,2879
110,2880
104,2881
103,2882
110,2883
125,2884
142,2885
154,2886
156,2887
147,2888
133,2889
121,2890
116,2891
120,2892
130,2893
140,2894
144,2895
140,2896
130,2897
121,2898
118,2899
122,2900
131,2901
140,2902
143,2903
137,2904
123,2905
108,2906
98,2907
96,2908
102,2909
126,2910
123,2911
113,2912
100,2913
91,2914
89,2915
93,2916
98,2917
97,2918
87,2919
69,2920
48,2921
30,2922
20,2923
18,2924
21,2925
23,2926
18,2927
4,2928
-17,2929
-40,2930
-59,2931
-72,2932
-79,2933
-85,2934
-94,2935
-107,2936
-122,2937
-134,2938
-137,2939
-174,2940
-129,2941
-92,2942
-51,2943
1,2944
65,2945
134,2946
201,2947
259,2948
305,2949
340,2950
368,2951
391,2952
407,2953
413,2954
406,2955
386,2956
355,2957
321,2958
292,2959
274,2960
269,2961
271,2962
273,2963
269,2964
255,2965
234,2966
211,2967
193,2968
184,2969
-62,2970
-69,2971
-82,2972
-95,2973
-102,2974
-99,2975
-89,2976
-78,2977
-72,2978
-75,2979
-87,2980
-102,2981
-114,2982
-118,2983
-114,2984
-107,2985
-104,2986
-110,2987
-126,2988
-148,2989
-169,2990
-183,2991
-188,2992
-186,2993
-182,2994
-182,2995
-188,2996
-198,2997
-207,2998
-209,2999
119,3000
107,3001
99,3002
99,3003
106,3004
116,3005
121,3006
117,3007
103,3008
84,3009
68,3010
60,3011
61,3012
68,3013
74,3014
73,3015
63,3016
47,3017
30,3018
19,3019
17,3020
22,3021
29,3022
31,3023
25,3024
13,3025
0,3026
-8,3027
-6,3028
6,3029
-57,3030
-49,3031
-37,3032
-26,3033
-22,3034
-27,3035
-39,3036
-51,3037
-56,3038
-50,3039
-34,3040
-15,3041
0,3042
6,3043
2,3044
-7,3045
-14,3046
-15,3047
-10,3048
-2,3049
3,3050
2,3051
-3,3052
-5,3053
7,3054
41,3055
100,3056
180,3057
273,3058
367,3059
140,3060
113,3061
95,3062
87,3063
84,3064
80,3065
70,3066
52,3067
30,3068
9,3069
-6,3070
-13,3071
-15,3072
-17,3073
-24,3074
-39,3075
-60,3076
-81,3077
-96,3078
-102,3079
-101,3080
-98,3081
-99,3082
-108,3083
-124,3084
-142,3085
-156,3086
-160,3087
-154,3088
-142,3089
-102,3090
-101,3091
-97,3092
-86,3093
-68,3094
-47,3095
-27,3096
-14,3097
-8,3098
-6,3099
-2,3100
8,3101
25,3102
46,3103
65,3104
77,3105
79,3106
75,3107
70,3108
70,3109
79,3110
96,3111
115,3112
130,3113
137,3114
137,3115
134,3116
135,3117
143,3118
157,3119
56,3120
46,3121
46,3122
55,3123
68,3124
78,3125
79,3126
72,3127
61,3128
52,3129
49,3130
54,3131
62,3132
67,3133
64,3134
52,3135
36,3136
22,3137
16,3138
19,3139
28,3140
36,3141
37,3142
28,3143
12,3144
-5,3145
-15,3146
-14,3147
-4,3148
10,3149
-161,3150
-155,3151
-143,3152
-131,3153
-126,3154
-130,3155
-140,3156
-148,3157
-146,3158
-128,3159
-93,3160
-44,3161
14,3162
78,3163
146,3164
218,3165
293,3166
365,3167
422,3168
447,3169
424,3170
346,3171
218,3172
55,3173
-123,3174
-297,3175
-455,3176
-597,3177
-727,3178
-848,3179
-68,3180
-80,3181
-87,3182
-86,3183
-78,3184
-68,3185
-63,3186
-65,3187
-73,3188
-82,3189
-86,3190
-82,3191
-70,3192
-56,3193
-47,3194
-47,3195
-56,3196
-69,3197
-80,3198
-83,3199
-77,3200
-66,3201
-56,3202
-53,3203
-60,3204
-75,3205
-91,3206
-101,3207
-102,3208
-96,3209
142,3210
135,3211
135,3212
145,3213
162,3214
180,3215
192,3216
194,3217
186,3218
174,3219
164,3220
162,3221
168,3222
179,3223
188,3224
190,3225
185,3226
176,3227
170,3228
172,3229
184,3230
201,3231
217,3232
225,3233
222,3234
210,3235
196,3236
187,3237
186,3238
192,3239
-105,3240
-122,3241
-139,3242
-151,3243
-154,3244
-150,3245
-145,3246
-145,3247
-153,3248
-169,3249
-188,3250
-203,3251
-210,3252
-208,3253
-201,3254
-194,3255
-192,3256
-196,3257
-202,3258
-205,3259
-201,3260
-189,3261
-173,3262
-159,3263
-153,3264
-157,3265
-168,3266
-179,3267
-183,3268
-178,3269
263,3270
252,3271
234,3272
213,3273
194,3274
183,3275
181,3276
184,3277
186,3278
180,3279
164,3280
141,3281
116,3282
97,3283
87,3284
86,3285
88,3286
87,3287
78,3288
62,3289
43,3290
27,3291
20,3292
23,3293
31,3294
38,3295
38,3296
30,3297
17,3298
5,3299
-194,3300
-181,3301
-171,3302
-169,3303
-175,3304
-184,3305
-189,3306
-186,3307
-175,3308
-159,3309
-145,3310
-137,3311
-137,3312
-141,3313
-144,3314
-140,3315
-127,3316
-107,3317
-86,3318
-70,3319
-62,3320
-60,3321
-59,3322
-54,3323
-42,3324
-25,3325
-9,3326
0,3327
-1,3328
-10,3329
16,3330
23,3331
33,3332
39,3333
35,3334
22,3335
4,3336
-12,3337
-19,3338
-15,3339
-3,3340
11,3341
20,3342
19,3343
10,3344
-2,3345
-11,3346
-13,3347
-8,3348
-2,3349
-1,3350
-8,3351
-22,3352
-38,3353
-49,3354
-50,3355
-40,3356
-24,3357
-10,3358
-3,3359
-39,3360
-49,3361
-49,3362
-32,3363
4,3364
55,3365
116,3366
182,3367
250,3368
320,3369
390,3370
456,3371
508,3372
531,3373
509,3374
433,3375
304,3376
136,3377
-49,3378
-230,3379
-392,3380
-530,3381
-647,3382
-747,3383
-828,3384
-883,3385
-900,3386
-870,3387
-792,3388
-676,3389
-96,3390
-81,3391
-69,3392
-65,3393
-70,3394
-80,3395
-88,3396
-89,3397
-82,3398
-70,3399
-59,3400
-55,3401
-61,3402
-73,3403
-85,3404
-91,3405
-89,3406
-80,3407
-71,3408
-68,3409
-74,3410
-88,3411
-104,3412
-115,3413
-117,3414
-111,3415
-101,3416
-93,3417
-92,3418
-99,3419
144,3420
147,3421
140,3422
127,3423
116,3424
111,3425
115,3426
124,3427
133,3428
137,3429
133,3430
124,3431
115,3432
112,3433
118,3434
130,3435
143,3436
150,3437
148,3438
138,3439
126,3440
117,3441
116,3442
122,3443
130,3444
135,3445
132,3446
121,3447
107,3448
96,3449
-58,3450
-66,3451
-81,3452
-103,3453
-127,3454
-146,3455
-154,3456
-150,3457
-140,3458
-131,3459
-130,3460
-140,3461
-158,3462
-177,3463
-190,3464
-192,3465
-185,3466
-174,3467
-166,3468
-165,3469
-170,3470
-177,3471
-180,3472
-175,3473
-164,3474
-151,3475
-142,3476
-142,3477
-150,3478
-161,3479
223,3480
202,3481
191,3482
188,3483
188,3484
183,3485
169,3486
147,3487
122,3488
100,3489
86,3490
80,3491
78,3492
74,3493
63,3494
45,3495
24,3496
6,3497
-4,3498
-5,3499
-1,3500
2,3501
-1,3502
-12,3503
-29,3504
-46,3505
-57,3506
-59,3507
-53,3508
-46,3509
-170,3510
-175,3511
-169,3512
-156,3513
-142,3514
-135,3515
-137,3516
-146,3517
-156,3518
-160,3519
-154,3520
-139,3521
-121,3522
-106,3523
-99,3524
-99,3525
-101,3526
-98,3527
-85,3528
-63,3529
-38,3530
-17,3531
-5,3532
-4,3533
-11,3534
-18,3535
-18,3536
-9,3537
7,3538
24,3539
82,3540
77,3541
62,3542
41,3543
20,3544
6,3545
3,3546
10,3547
22,3548
31,3549
33,3550
27,3551
17,3552
10,3553
10,3554
17,3555
27,3556
34,3557
32,3558
20,3559
1,3560
-19,3561
-33,3562
-39,3563
-39,3564
-38,3565
-41,3566
-50,3567
-61,3568
-69,3569
-100,3570
-106,3571
-104,3572
-92,3573
-75,3574
-61,3575
-56,3576
-62,3577
-74,3578
-85,3579
-85,3580
-67,3581
-31,3582
20,3583
82,3584
150,3585
223,3586
301,3587
383,3588
463,3589
529,3590
564,3591
550,3592
478,3593
349,3594
179,3595
-11,3596
-199,3597
-369,3598
-516,3599
-56,3600
-62,3601
-62,3602
-59,3603
-59,3604
-66,3605
-80,3606
-97,3607
-109,3608
-111,3609
-102,3610
-86,3611
-69,3612
-59,3613
-59,3614
-67,3615
-78,3616
-85,3617
-85,3618
-78,3619
-70,3620
-67,3621
-73,3622
-89,3623
-110,3624
-128,3625
-137,3626
-135,3627
-126,3628
-117,3629
160,3630
168,3631
166,3632
157,3633
148,3634
145,3635
152,3636
167,3637
184,3638
195,3639
195,3640
184,3641
168,3642
155,3643
150,3644
154,3645
163,3646
171,3647
173,3648
168,3649
160,3650
154,3651
154,3652
161,3653
172,3654
182,3655
185,3656
179,3657
167,3658
156,3659
-50,3660
-42,3661
-40,3662
-45,3663
-55,3664
-64,3665
-66,3666
-59,3667
-46,3668
-33,3669
-27,3670
-30,3671
-40,3672
-51,3673
-55,3674
-49,3675
-34,3676
-18,3677
-9,3678
-13,3679
-30,3680
-54,3681
-78,3682
-94,3683
-100,3684
-99,3685
-97,3686
-100,3687
-110,3688
-124,3689
-474,3690
-347,3691
-241,3692
-159,3693
-96,3694
-42,3695
10,3696
63,3697
117,3698
168,3699
213,3700
253,3701
292,3702
334,3703
380,3704
426,3705
463,3706
483,3707
482,3708
461,3709
428,3710
393,3711
366,3712
350,3713
343,3714
339,3715
331,3716
314,3717
290,3718
264,3719
-74,3720
-67,3721
-67,3722
-73,3723
-80,3724
-83,3725
-79,3726
-70,3727
-60,3728
-55,3729
-58,3730
-67,3731
-78,3732
-85,3733
-83,3734
-74,3735
-63,3736
-57,3737
-61,3738
-75,3739
-94,3740
-111,3741
-120,3742
-118,3743
-109,3744
-98,3745
-92,3746
-95,3747
-104,3748
-115,3749
164,3750
151,3751
134,3752
120,3753
112,3754
110,3755
109,3756
104,3757
92,3758
74,3759
55,3760
42,3761
39,3762
46,3763
57,3764
64,3765
62,3766
50,3767
31,3768
13,3769
2,3770
1,3771
6,3772
11,3773
9,3774
-2,3775
-20,3776
-38,3777
-50,3778
-52,3779
-81,3780
-76,3781
-72,3782
-74,3783
-84,3784
-100,3785
-115,3786
-124,3787
-124,3788
-118,3789
-113,3790
-115,3791
-126,3792
-144,3793
-162,3794
-173,3795
-173,3796
-163,3797
-148,3798
-135,3799
-129,3800
-130,3801
-134,3802
-135,3803
-129,3804
-115,3805
-97,3806
-82,3807
-75,3808
-78,3809
290,3810
279,3811
260,3812
235,3813
209,3814
189,3815
179,3816
177,3817
177,3818
173,3819
160,3820
138,3821
112,3822
89,3823
75,3824
70,3825
70,3826
69,3827
61,3828
45,3829
24,3830
4,3831
-10,3832
-14,3833
-10,3834
-4,3835
-2,3836
-7,3837
-18,3838
-30,3839
-105,3840
-116,3841
-131,3842
-144,3843
-149,3844
-143,3845
-129,3846
-114,3847
-105,3848
-105,3849
-113,3850
-123,3851
-128,3852
-123,3853
-109,3854
-91,3855
-74,3856
-64,3857
-61,3858
-61,3859
-58,3860
-47,3861
-27,3862
-2,3863
21,3864
36,3865
40,3866
37,3867
32,3868
32,3869
56,3870
57,3871
64,3872
72,3873
75,3874
70,3875
57,3876
42,3877
31,3878
27,3879
30,3880
36,3881
39,3882
35,3883
24,3884
11,3885
2,3886
2,3887
12,3888
26,3889
37,3890
39,3891
29,3892
11,3893
-7,3894
-19,3895
-21,3896
-15,3897
-6,3898
-2,3899
-206,3900
-192,3901
-172,3902
-154,3903
-144,3904
-143,3905
-147,3906
-150,3907
-146,3908
-134,3909
-118,3910
-104,3911
-97,3912
-99,3913
-107,3914
-115,3915
-117,3916
-110,3917
-96,3918
-80,3919
-69,3920
-67,3921
-72,3922
-79,3923
-82,3924
-77,3925
-64,3926
-49,3927
-39,3928
-38,3929
67,3930
64,3931
66,3932
67,3933
62,3934
48,3935
28,3936
8,3937
-5,3938
-8,3939
-2,3940
6,3941
9,3942
3,3943
-11,3944
-29,3945
-43,3946
-49,3947
-46,3948
-38,3949
-32,3950
-33,3951
-42,3952
-55,3953
-65,3954
-67,3955
-59,3956
-45,3957
-32,3958
-27,3959
-103,3960
-111,3961
-108,3962
-94,3963
-73,3964
-52,3965
-38,3966
-34,3967
-38,3968
-43,3969
-44,3970
-38,3971
-26,3972
-13,3973
-5,3974
-3,3975
-6,3976
-9,3977
-7,3978
3,3979
19,3980
36,3981
47,3982
49,3983
43,3984
35,3985
32,3986
38,3987
54,3988
75,3989
12,3990
2,3991
2,3992
10,3993
20,3994
25,3995
21,3996
8,3997
-10,3998
-25,3999
-31,4000
-28,4001
-19,4002
-11,4003
-10,4004
-17,4005
-29,4006
-40,4007
-44,4008
-40,4009
-30,4010
-20,4011
-16,4012
-20,4013
-31,4014
-43,4015
-50,4016
-49,4017
-41,4018
-31,4019
-115,4020
-100,4021
-85,4022
-77,4023
-78,4024
-85,4025
-93,4026
-95,4027
-88,4028
-73,4029
-56,4030
-43,4031
-39,4032
-44,4033
-53,4034
-60,4035
-60,4036
-53,4037
-42,4038
-33,4039
-32,4040
-39,4041
-51,4042
-60,4043
-59,4044
-43,4045
-13,4046
28,4047
76,4048
128,4049
82,4050
83,4051
91,4052
99,4053
100,4054
91,4055
73,4056
52,4057
35,4058
26,4059
26,4060
30,4061
31,4062
24,4063
9,4064
-10,4065
-26,4066
-34,4067
-33,4068
-27,4069
-22,4070
-23,4071
-31,4072
-44,4073
-55,4074
-60,4075
-56,4076
-47,4077
-39,4078
-38,4079
-111,4080
-98,4081
-80,4082
-63,4083
-52,4084
-49,4085
-52,4086
-55,4087
-53,4088
-43,4089
-28,4090
-13,4091
-4,4092
-5,4093
-13,4094
-22,4095
-25,4096
-17,4097
0,4098
21,4099
38,4100
46,4101
45,4102
40,4103
37,4104
42,4105
55,4106
73,4107
89,4108
97,4109
-20,4110
-12,4111
-1,4112
7,4113
7,4114
-2,4115
-15,4116
-26,4117
-30,4118
-26,4119
-17,4120
-9,4121
-8,4122
-16,4123
-29,4124
-41,4125
-46,4126
-42,4127
-31,4128
-19,4129
-13,4130
-17,4131
-29,4132
-44,4133
-54,4134
-53,4135
-42,4136
-27,4137
-15,4138
-12,4139
-44,4140
-42,4141
-48,4142
-58,4143
-64,4144
-61,4145
-50,4146
-35,4147
-22,4148
-17,4149
-20,4150
-28,4151
-34,4152
-33,4153
-25,4154
-13,4155
-3,4156
0,4157
-4,4158
-9,4159
-6,4160
15,4161
59,4162
126,4163
209,4164
298,4165
383,4166
457,4167
515,4168
553,4169
20,4170
7,4171
3,4172
6,4173
11,4174
12,4175
4,4176
-11,4177
-29,4178
-42,4179
-46,4180
-41,4181
-32,4182
-26,4183
-28,4184
-39,4185
-54,4186
-67,4187
-72,4188
-67,4189
-55,4190
-43,4191
-36,4192
-38,4193
-46,4194
-54,4195
-56,4196
-50,4197
-37,4198
-24,4199
-84,4200
-63,4201
-44,4202
-33,4203
-33,4204
-41,4205
-50,4206
-52,4207
-43,4208
-25,4209
-4,4210
12,4211
19,4212
17,4213
11,4214
7,4215
11,4216
24,4217
42,4218
58,4219
67,4220
67,4221
62,4222
58,4223
61,4224
74,4225
93,4226
112,4227
125,4228
128,4229
4,4230
0,4231
4,4232
13,4233
20,4234
20,4235
11,4236
-3,4237
-16,4238
-22,4239
-20,4240
-13,4241
-7,4242
-8,4243
-18,4244
-34,4245
-50,4246
-60,4247
-59,4248
-49,4249
-36,4250
-27,4251
-26,4252
-33,4253
-43,4254
-50,4255
-49,4256
-40,4257
-27,4258
-16,4259
-49,4260
-32,4261
-13,4262
1,4263
5,4264
-1,4265
-12,4266
-22,4267
-26,4268
-22,4269
-13,4270
-5,4271
-4,4272
-12,4273
-26,4274
-40,4275
-46,4276
-40,4277
-21,4278
8,4279
43,4280
83,4281
130,4282
188,4283
261,4284
346,4285
434,4286
509,4287
553,4288
550,4289
65,4290
63,4291
52,4292
34,4293
15,4294
1,4295
-3,4296
2,4297
12,4298
19,4299
18,4300
8,4301
-8,4302
-23,4303
-31,4304
-31,4305
-27,4306
-24,4307
-26,4308
-34,4309
-45,4310
-54,4311
-56,4312
-50,4313
-39,4314
-29,4315
-25,4316
-30,4317
-42,4318
-55,4319
-135,4320
-120,4321
-112,4322
-113,4323
-119,4324
-124,4325
-121,4326
-108,4327
-87,4328
-64,4329
-47,4330
-39,4331
-40,4332
-44,4333
-45,4334
-39,4335
-26,4336
-10,4337
2,4338
6,4339
2,4340
-5,4341
-10,4342
-7,4343
6,4344
25,4345
44,4346
57,4347
62,4348
62,4349
30,4350
12,4351
3,4352
5,4353
14,4354
23,4355
26,4356
21,4357
10,4358
0,4359
-4,4360
1,4361
12,4362
23,4363
28,4364
23,4365
11,4366
-3,4367
-12,4368
-12,4369
-3,4370
9,4371
18,4372
19,4373
12,4374
1,4375
-8,4376
-10,4377
-3,4378
8,4379
-146,4380
-149,4381
-153,4382
-153,4383
-145,4384
-130,4385
-114,4386
-103,4387
-102,4388
-109,4389
-119,4390
-124,4391
-118,4392
-102,4393
-81,4394
-62,4395
-51,4396
-49,4397
-53,4398
-57,4399
-55,4400
-46,4401
-32,4402
-20,4403
-16,4404
-22,4405
-33,4406
-41,4407
-36,4408
-12,4409
82,4410
69,4411
48,4412
25,4413
6,4414
-4,4415
-5,4416
-1,4417
1,4418
-4,4419
-17,4420
-33,4421
-47,4422
-53,4423
-50,4424
-42,4425
-36,4426
-38,4427
-50,4428
-70,4429
-91,4430
-106,4431
-111,4432
-106,4433
-97,4434
-90,4435
-90,4436
-98,4437
-110,4438
-120,4439
-114,4440
-107,4441
-92,4442
-74,4443
-59,4444
-51,4445
-50,4446
-52,4447
-50,4448
-39,4449
-20,4450
3,4451
24,4452
37,4453
41,4454
39,4455
38,4456
43,4457
56,4458
74,4459
91,4460
101,4461
103,4462
99,4463
94,4464
95,4465
104,4466
119,4467
134,4468
143,4469
22,4470
26,4471
29,4472
25,4473
12,4474
-7,4475
-26,4476
-38,4477
-39,4478
-31,4479
-19,4480
-10,4481
-9,4482
-15,4483
-25,4484
-33,4485
-35,4486
-30,4487
-23,4488
-20,4489
-25,4490
-37,4491
-52,4492
-64,4493
-67,4494
-59,4495
-45,4496
-32,4497
-26,4498
-30,4499
-63,4500
-72,4501
-80,4502
-81,4503
-74,4504
-61,4505
-46,4506
-34,4507
-24,4508
-12,4509
11,4510
53,4511
118,4512
203,4513
298,4514
390,4515
466,4516
516,4517
532,4518
510,4519
449,4520
350,4521
216,4522
55,4523
-121,4524
-300,4525
-468,4526
-614,4527
-731,4528
-813,4529
-13,4530
-18,4531
-21,4532
-22,4533
-23,4534
-29,4535
-44,4536
-67,4537
-92,4538
-110,4539
-114,4540
-102,4541
-79,4542
-54,4543
-36,4544
-31,4545
-38,4546
-50,4547
-59,4548
-59,4549
-49,4550
-35,4551
-25,4552
-25,4553
-35,4554
-49,4555
-59,4556
-59,4557
-48,4558
-31,4559
144,4560
120,4561
102,4562
94,4563
94,4564
101,4565
112,4566
128,4567
148,4568
172,4569
197,4570
215,4571
220,4572
207,4573
178,4574
139,4575
101,4576
74,4577
64,4578
71,4579
89,4580
110,4581
126,4582
133,4583
134,4584
136,4585
146,4586
166,4587
193,4588
220,4589
12,4590
2,4591
-21,4592
-53,4593
-86,4594
-112,4595
-126,4596
-128,4597
-120,4598
-106,4599
-89,4600
-69,4601
-43,4602
-9,4603
29,4604
64,4605
85,4606
83,4607
56,4608
9,4609
-45,4610
-91,4611
-116,4612
-115,4613
-92,4614
-58,4615
-26,4616
-5,4617
0,4618
-12,4619
-914,4620
-794,4621
-696,4622
-618,4623
-553,4624
-495,4625
-437,4626
-377,4627
-314,4628
-249,4629
-185,4630
-124,4631
-67,4632
-15,4633
33,4634
77,4635
119,4636
159,4637
197,4638
234,4639
272,4640
321,4641
404,4642
552,4643
789,4644
1118,4645
1511,4646
1918,4647
2278,4648
2538,4649
-1248,4650
-1247,4651
-1244,4652
-1244,4653
-1250,4654
-1260,4655
-1267,4656
-1262,4657
-1241,4658
-1206,4659
-1166,4660
-1134,4661
-1119,4662
-1123,4663
-1140,4664
-1156,4665
-1158,4666
-1139,4667
-1100,4668
-1049,4669
-994,4670
-940,4671
-886,4672
-826,4673
-756,4674
-675,4675
-589,4676
-508,4677
-441,4678
-392,4679
186,4680
195,4681
201,4682
197,4683
181,4684
158,4685
138,4686
128,4687
132,4688
145,4689
159,4690
165,4691
157,4692
137,4693
113,4694
98,4695
100,4696
118,4697
144,4698
165,4699
169,4700
153,4701
121,4702
86,4703
61,4704
55,4705
67,4706
91,4707
115,4708
130,4709
100,4710
92,4711
43,4712
-42,4713
-156,4714
-292,4715
-446,4716
-613,4717
-787,4718
-959,4719
-1114,4720
-1236,4721
-1313,4722
-1339,4723
-1318,4724
-1260,4725
-1177,4726
-1080,4727
-976,4728
-870,4729
-766,4730
-669,4731
-587,4732
-526,4733
-487,4734
-466,4735
-454,4736
-439,4737
-411,4738
-366,4739
313,4740
284,4741
250,4742
224,4743
216,4744
226,4745
245,4746
260,4747
260,4748
240,4749
205,4750
166,4751
137,4752
126,4753
132,4754
145,4755
151,4756
140,4757
109,4758
65,4759
20,4760
-16,4761
-38,4762
-48,4763
-55,4764
-66,4765
-84,4766
-108,4767
-131,4768
-147,4769
-254,4770
-266,4771
-286,4772
-304,4773
-311,4774
-303,4775
-283,4776
-260,4777
-242,4778
-234,4779
-233,4780
-231,4781
-220,4782
-197,4783
-165,4784
-132,4785
-107,4786
-94,4787
-90,4788
-88,4789
-79,4790
-59,4791
-29,4792
3,4793
26,4794
33,4795
25,4796
10,4797
0,4798
6,4799
59,4800
39,4801
37,4802
47,4803
58,4804
57,4805
39,4806
8,4807
-24,4808
-45,4809
-44,4810
-19,4811
25,4812
78,4813
132,4814
182,4815
228,4816
270,4817
305,4818
320,4819
299,4820
226,4821
97,4822
-79,4823
-281,4824
-482,4825
-660,4826
-805,4827
-920,4828
-1014,4829
-84,4830
-82,4831
-94,4832
-108,4833
-112,4834
-100,4835
-75,4836
-47,4837
-26,4838
-16,4839
-14,4840
-12,4841
-1,4842
22,4843
53,4844
81,4845
96,4846
94,4847
79,4848
61,4849
53,4850
62,4851
86,4852
116,4853
138,4854
142,4855
126,4856
99,4857
74,4858
63,4859
249,4860
250,4861
263,4862
285,4863
308,4864
322,4865
321,4866
304,4867
280,4868
260,4869
253,4870
262,4871
282,4872
302,4873
312,4874
306,4875
286,4876
261,4877
241,4878
232,4879
234,4880
239,4881
240,4882
232,4883
217,4884
203,4885
198,4886
206,4887
225,4888
246,4889
-208,4890
-240,4891
-271,4892
-290,4893
-294,4894
-290,4895
-289,4896
-299,4897
-321,4898
-348,4899
-369,4900
-374,4901
-362,4902
-340,4903
-322,4904
-318,4905
-330,4906
-351,4907
-368,4908
-368,4909
-346,4910
-305,4911
-257,4912
-218,4913
-199,4914
-202,4915
-220,4916
-240,4917
-250,4918
-245,4919
549,4920
542,4921
517,4922
482,4923
447,4924
419,4925
398,4926
380,4927
357,4928
324,4929
283,4930
240,4931
205,4932
183,4933
174,4934
172,4935
166,4936
147,4937
114,4938
73,4939
35,4940
9,4941
-1,4942
1,4943
6,4944
5,4945
-8,4946
-31,4947
-57,4948
-77,4949
-319,4950
-345,4951
-364,4952
-369,4953
-359,4954
-341,4955
-325,4956
-322,4957
-336,4958
-362,4959
-388,4960
-401,4961
-392,4962
-361,4963
-318,4964
-277,4965
-248,4966
-234,4967
-229,4968
-223,4969
-207,4970
-178,4971
-141,4972
-107,4973
-86,4974
-81,4975
-87,4976
-92,4977
-85,4978
-61,4979
230,4980
220,4981
214,4982
203,4983
181,4984
148,4985
111,4986
80,4987
64,4988
63,4989
70,4990
73,4991
63,4992
36,4993
-1,4994
-37,4995
-61,4996
-67,4997
-59,4998
-48,4999
-46,5000
-62,5001
-95,5002
-137,5003
-177,5004
-206,5005
-222,5006
-231,5007
-241,5008
-259,5009
-1125,5010
-1145,5011
-1106,5012
-1016,5013
-894,5014
-761,5015
-631,5016
-512,5017
-403,5018
-301,5019
-203,5020
-110,5021
-26,5022
45,5023
104,5024
158,5025
217,5026
292,5027
385,5028
490,5029
593,5030
677,5031
731,5032
754,5033
753,5034
742,5035
732,5036
728,5037
727,5038
722,5039
-173,5040
-206,5041
-227,5042
-234,5043
-233,5044
-234,5045
-245,5046
-270,5047
-304,5048
-337,5049
-360,5050
-368,5051
-365,5052
-360,5053
-364,5054
-382,5055
-413,5056
-448,5057
-477,5058
-491,5059
-489,5060
-479,5061
-472,5062
-477,5063
-496,5064
-523,5065
-547,5066
-560,5067
-558,5068
-545,5069
285,5070
272,5071
250,5072
230,5073
221,5074
224,5075
234,5076
241,5077
238,5078
223,5079
202,5080
184,5081
177,5082
184,5083
200,5084
216,5085
222,5086
213,5087
193,5088
171,5089
156,5090
154,5091
164,5092
177,5093
183,5094
176,5095
156,5096
130,5097
108,5098
98,5099
-90,5100
-97,5101
-120,5102
-151,5103
-177,5104
-186,5105
-172,5106
-137,5107
-87,5108
-29,5109
34,5110
104,5111
184,5112
274,5113
367,5114
448,5115
498,5116
497,5117
435,5118
316,5119
155,5120
-26,5121
-206,5122
-372,5123
-523,5124
-663,5125
-797,5126
-920,5127
-1020,5128
-1080,5129
23,5130
38,5131
40,5132
28,5133
8,5134
-10,5135
-17,5136
-8,5137
12,5138
33,5139
44,5140
40,5141
23,5142
3,5143
-10,5144
-9,5145
4,5146
22,5147
33,5148
30,5149
13,5150
-10,5151
-29,5152
-35,5153
-28,5154
-14,5155
-4,5156
-8,5157
-28,5158
-58,5159
44,5160
35,5161
32,5162
42,5163
63,5164
88,5165
107,5166
113,5167
107,5168
96,5169
91,5170
100,5171
123,5172
152,5173
177,5174
188,5175
182,5176
165,5177
148,5178
140,5179
146,5180
163,5181
181,5182
190,5183
185,5184
168,5185
148,5186
135,5187
136,5188
149,5189
-52,5190
-36,5191
-19,5192
-11,5193
-18,5194
-37,5195
-58,5196
-70,5197
-67,5198
-50,5199
-28,5200
-12,5201
-10,5202
-23,5203
-44,5204
-63,5205
-71,5206
-67,5207
-56,5208
-49,5209
-54,5210
-72,5211
-98,5212
-121,5213
-131,5214
-124,5215
-106,5216
-87,5217
-78,5218
-85,5219
-91,5220
-31,5221
17,5222
52,5223
79,5224
107,5225
145,5226
196,5227
257,5228
317,5229
362,5230
383,5231
379,5232
359,5233
335,5234
319,5235
316,5236
322,5237
328,5238
325,5239
309,5240
284,5241
259,5242
243,5243
240,5244
246,5245
252,5246
248,5247
230,5248
200,5249
-116,5250
-111,5251
-96,5252
-80,5253
-73,5254
-81,5255
-100,5256
-122,5257
-136,5258
-136,5259
-123,5260
-105,5261
-93,5262
-95,5263
-110,5264
-132,5265
-151,5266
-158,5267
-152,5268
-138,5269
-126,5270
-126,5271
-140,5272
-164,5273
-187,5274
-200,5275
-198,5276
-183,5277
-165,5278
-155,5279
148,5280
146,5281
131,5282
109,5283
91,5284
86,5285
96,5286
114,5287
130,5288
136,5289
128,5290
111,5291
95,5292
88,5293
95,5294
112,5295
130,5296
138,5297
130,5298
109,5299
83,5300
63,5301
55,5302
60,5303
71,5304
78,5305
75,5306
63,5307
48,5308
39,5309
-170,5310
-157,5311
-158,5312
-171,5313
-187,5314
-197,5315
-193,5316
-176,5317
-154,5318
-138,5319
-136,5320
-148,5321
-167,5322
-183,5323
-187,5324
-177,5325
-159,5326
-142,5327
-133,5328
-132,5329
-130,5330
-114,5331
-72,5332
1,5333
99,5334
208,5335
310,5336
391,5337
442,5338
460,5339
60,5340
59,5341
43,5342
19,5343
-3,5344
-13,5345
-9,5346
4,5347
16,5348
17,5349
3,5350
-21,5351
-45,5352
-59,5353
-58,5354
-43,5355
-23,5356
-9,5357
-8,5358
-20,5359
-37,5360
-50,5361
-52,5362
-41,5363
-22,5364
-6,5365
0,5366
-6,5367
-20,5368
-33,5369
-51,5370
-19,5371
6,5372
17,5373
15,5374
7,5375
4,5376
13,5377
35,5378
62,5379
83,5380
91,5381
84,5382
67,5383
51,5384
46,5385
55,5386
73,5387
91,5388
100,5389
96,5390
83,5391
70,5392
67,5393
78,5394
101,5395
126,5396
143,5397
144,5398
131,5399
83,5400
72,5401
53,5402
35,5403
27,5404
32,5405
45,5406
57,5407
59,5408
48,5409
28,5410
8,5411
-1,5412
5,5413
23,5414
44,5415
56,5416
53,5417
36,5418
13,5419
-6,5420
-12,5421
-3,5422
14,5423
28,5424
30,5425
18,5426
-4,5427
-27,5428
-42,5429
-20,5430
-31,5431
-44,5432
-48,5433
-38,5434
-16,5435
9,5436
25,5437
26,5438
13,5439
-6,5440
-20,5441
-22,5442
-11,5443
6,5444
17,5445
14,5446
-5,5447
-33,5448
-56,5449
-61,5450
-41,5451
5,5452
69,5453
142,5454
219,5455
298,5456
381,5457
469,5458
556,5459
140,5460
104,5461
69,5462
45,5463
37,5464
40,5465
45,5466
42,5467
25,5468
-2,5469
-30,5470
-49,5471
-54,5472
-46,5473
-35,5474
-31,5475
-41,5476
-64,5477
-92,5478
-115,5479
-125,5480
-121,5481
-110,5482
-101,5483
-104,5484
-120,5485
-144,5486
-167,5487
-179,5488
-177,5489
-120,5490
-127,5491
-123,5492
-103,5493
-73,5494
-42,5495
-20,5496
-12,5497
-15,5498
-20,5499
-17,5500
1,5501
31,5502
64,5503
89,5504
100,5505
96,5506
85,5507
78,5508
83,5509
102,5510
128,5511
151,5512
162,5513
159,5514
146,5515
134,5516
132,5517
144,5518
166,5519
32,5520
35,5521
24,5522
4,5523
-15,5524
-23,5525
-17,5526
-1,5527
14,5528
18,5529
6,5530
-18,5531
-45,5532
-64,5533
-68,5534
-58,5535
-42,5536
-31,5537
-32,5538
-46,5539
-66,5540
-82,5541
-85,5542
-75,5543
-58,5544
-44,5545
-42,5546
-55,5547
-78,5548
-100,5549
-42,5550
-55,5551
-57,5552
-45,5553
-25,5554
-8,5555
-1,5556
-7,5557
-22,5558
-37,5559
-43,5560
-36,5561
-20,5562
-3,5563
6,5564
2,5565
-13,5566
-30,5567
-38,5568
-32,5569
-15,5570
5,5571
16,5572
12,5573
-7,5574
-31,5575
-47,5576
-42,5577
-11,5578
44,5579
132,5580
107,5581
97,5582
100,5583
108,5584
111,5585
100,5586
74,5587
41,5588
11,5589
-7,5590
-11,5591
-5,5592
0,5593
-4,5594
-21,5595
-46,5596
-70,5597
-83,5598
-82,5599
-71,5600
-59,5601
-56,5602
-66,5603
-87,5604
-111,5605
-127,5606
-129,5607
-118,5608
-102,5609
-175,5610
-178,5611
-191,5612
-206,5613
-212,5614
-203,5615
-181,5616
-153,5617
-130,5618
-119,5619
-119,5620
-124,5621
-123,5622
-108,5623
-79,5624
-43,5625
-11,5626
8,5627
12,5628
7,5629
3,5630
10,5631
32,5632
65,5633
99,5634
123,5635
131,5636
125,5637
114,5638
108,5639
82,5640
66,5641
46,5642
33,5643
33,5644
45,5645
62,5646
72,5647
69,5648
52,5649
29,5650
11,5651
7,5652
18,5653
37,5654
52,5655
54,5656
40,5657
14,5658
-13,5659
-30,5660
-32,5661
-22,5662
-10,5663
-6,5664
-15,5665
-35,5666
-58,5667
-75,5668
-79,5669
-37,5670
-17,5671
-1,5672
2,5673
-10,5674
-31,5675
-50,5676
-57,5677
-48,5678
-27,5679
-6,5680
4,5681
-3,5682
-25,5683
-54,5684
-78,5685
-90,5686
-89,5687
-82,5688
-79,5689
-87,5690
-106,5691
-129,5692
-146,5693
-150,5694
-140,5695
-123,5696
-110,5697
-111,5698
-127,5699
93,5700
167,5701
241,5702
305,5703
355,5704
393,5705
425,5706
457,5707
491,5708
523,5709
544,5710
547,5711
529,5712
494,5713
454,5714
420,5715
400,5716
394,5717
394,5718
391,5719
376,5720
349,5721
317,5722
290,5723
275,5724
274,5725
281,5726
285,5727
277,5728
254,5729
-99,5730
-90,5731
-72,5732
-56,5733
-50,5734
-58,5735
-76,5736
-94,5737
-103,5738
-99,5739
-85,5740
-71,5741
-67,5742
-77,5743
-99,5744
-124,5745
-142,5746
-146,5747
-137,5748
-123,5749
-115,5750
-121,5751
-141,5752
-167,5753
-188,5754
-196,5755
-188,5756
-171,5757
-155,5758
-150,5759
71,5760
67,5761
72,5762
78,5763
77,5764
64,5765
42,5766
20,5767
8,5768
12,5769
31,5770
56,5771
75,5772
79,5773
67,5774
45,5775
24,5776
13,5777
16,5778
29,5779
43,5780
49,5781
43,5782
29,5783
15,5784
10,5785
19,5786
38,5787
57,5788
65,5789
-106,5790
-103,5791
-88,5792
-68,5793
-54,5794
-54,5795
-68,5796
-89,5797
-105,5798
-107,5799
-93,5800
-68,5801
-44,5802
-31,5803
-34,5804
-48,5805
-64,5806
-70,5807
-61,5808
-40,5809
-16,5810
0,5811
2,5812
-9,5813
-25,5814
-36,5815
-35,5816
-22,5817
-4,5818
10,5819
65,5820
74,5821
104,5822
163,5823
250,5824
353,5825
455,5826
539,5827
591,5828
603,5829
573,5830
503,5831
396,5832
256,5833
90,5834
-92,5835
-278,5836
-455,5837
-611,5838
-737,5839
-827,5840
-880,5841
-899,5842
-887,5843
-846,5844
-777,5845
-680,5846
-558,5847
-419,5848
-276,5849
-64,5850
-45,5851
-43,5852
-58,5853
-82,5854
-103,5855
-111,5856
-103,5857
-84,5858
-65,5859
-58,5860
-68,5861
-92,5862
-121,5863
-143,5864
-149,5865
-140,5866
-124,5867
-111,5868
-109,5869
-118,5870
-132,5871
-141,5872
-139,5873
-125,5874
-105,5875
-89,5876
-87,5877
-102,5878
-129,5879
239,5880
249,5881
243,5882
226,5883
209,5884
203,5885
214,5886
240,5887
271,5888
295,5889
304,5890
298,5891
285,5892
275,5893
275,5894
285,5895
299,5896
308,5897
307,5898
297,5899
285,5900
282,5901
295,5902
322,5903
356,5904
384,5905
395,5906
387,5907
365,5908
342,5909
-266,5910
-242,5911
-229,5912
-233,5913
-253,5914
-280,5915
-304,5916
-316,5917
-314,5918
-303,5919
-291,5920
-285,5921
-286,5922
-289,5923
-288,5924
-277,5925
-257,5926
-235,5927
-218,5928
-213,5929
-218,5930
-226,5931
-227,5932
-212,5933
-179,5934
-135,5935
-92,5936
-63,5937
-55,5938
-65,5939
52,5940
77,5941
114,5942
168,5943
234,5944
301,5945
358,5946
398,5947
422,5948
435,5949
444,5950
454,5951
464,5952
469,5953
463,5954
444,5955
416,5956
388,5957
368,5958
358,5959
354,5960
347,5961
329,5962
297,5963
255,5964
212,5965
176,5966
153,5967
144,5968
145,5969
-161,5970
-166,5971
-177,5972
-187,5973
-189,5974
-181,5975
-168,5976
-158,5977
-158,5978
-169,5979
-187,5980
-205,5981
-217,5982
-221,5983
-220,5984
-221,5985
-229,5986
-245,5987
-266,5988
-285,5989
-295,5990
-293,5991
-283,5992
-272,5993
-267,5994
-274,5995
-292,5996
-314,5997
-330,5998
-333,5999
-25,6000
-39,6001
-64,6002
-97,6003
-132,6004
-162,6005
-182,6006
-190,6007
-189,6008
-184,6009
-179,6010
-177,6011
-177,6012
-177,6013
-176,6014
-173,6015
-169,6016
-166,6017
-165,6018
-165,6019
-164,6020
-160,6021
-153,6022
-143,6023
-134,6024
-131,6025
-136,6026
-149,6027
-164,6028
-174,6029
-16,6030
-11,6031
4,6032
25,6033
44,6034
56,6035
57,6036
48,6037
35,6038
23,6039
14,6040
8,6041
1,6042
-12,6043
-29,6044
-43,6045
-41,6046
-12,6047
50,6048
143,6049
255,6050
370,6051
471,6052
548,6053
595,6054
610,6055
590,6056
530,6057
425,6058
275,6059
29,6060
19,6061
28,6062
52,6063
80,6064
100,6065
104,6066
92,6067
72,6068
55,6069
49,6070
55,6071
68,6072
77,6073
75,6074
60,6075
39,6076
25,6077
29,6078
55,6079
97,6080
141,6081
171,6082
177,6083
157,6084
117,6085
70,6086
29,6087
1,6088
-14,6089
-182,6090
-164,6091
-152,6092
-149,6093
-152,6094
-154,6095
-149,6096
-135,6097
-114,6098
-91,6099
-73,6100
-62,6101
-56,6102
-48,6103
-32,6104
-5,6105
30,6106
64,6107
87,6108
94,6109
85,6110
69,6111
56,6112
55,6113
67,6114
86,6115
101,6116
102,6117
87,6118
61,6119
19,6120
3,6121
1,6122
10,6123
21,6124
26,6125
23,6126
15,6127
9,6128
13,6129
30,6130
56,6131
80,6132
91,6133
81,6134
51,6135
9,6136
-34,6137
-67,6138
-84,6139
-85,6140
-74,6141
-57,6142
-36,6143
-12,6144
16,6145
49,6146
82,6147
106,6148
111,6149
40,6150
72,6151
86,6152
81,6153
63,6154
44,6155
33,6156
33,6157
40,6158
42,6159
29,6160
-5,6161
-57,6162
-117,6163
-172,6164
-211,6165
-230,6166
-232,6167
-223,6168
-206,6169
-179,6170
-137,6171
-74,6172
12,6173
116,6174
228,6175
335,6176
427,6177
500,6178
556,6179
174,6180
145,6181
123,6182
104,6183
86,6184
70,6185
60,6186
63,6187
82,6188
115,6189
152,6190
179,6191
183,6192
158,6193
110,6194
54,6195
7,6196
-18,6197
-18,6198
-1,6199
19,6200
29,6201
23,6202
2,6203
-27,6204
-54,6205
-74,6206
-85,6207
-92,6208
-101,6209
-290,6210
-287,6211
-282,6212
-279,6213
-279,6214
-278,6215
-268,6216
-243,6217
-202,6218
-153,6219
-107,6220
-76,6221
-67,6222
-78,6223
-101,6224
-123,6225
-131,6226
-117,6227
-84,6228
-40,6229
5,6230
42,6231
69,6232
88,6233
102,6234
115,6235
126,6236
132,6237
131,6238
127,6239
49,6240
7,6241
-14,6242
-9,6243
18,6244
58,6245
99,6246
131,6247
150,6248
157,6249
158,6250
157,6251
153,6252
141,6253
114,6254
71,6255
18,6256
-32,6257
-65,6258
-71,6259
-50,6260
-11,6261
30,6262
57,6263
63,6264
48,6265
21,6266
-7,6267
-28,6268
-40,6269
439,6270
392,6271
314,6272
216,6273
104,6274
-19,6275
-154,6276
-302,6277
-460,6278
-619,6279
-763,6280
-875,6281
-938,6282
-944,6283
-894,6284
-796,6285
-662,6286
-506,6287
-343,6288
-189,6289
-58,6290
37,6291
90,6292
102,6293
86,6294
60,6295
44,6296
52,6297
87,6298
142,6299
-96,6300
-120,6301
-125,6302
-118,6303
-106,6304
-92,6305
-76,6306
-58,6307
-39,6308
-23,6309
-16,6310
-24,6311
-48,6312
-83,6313
-122,6314
-154,6315
-173,6316
-177,6317
-172,6318
-168,6319
-172,6320
-187,6321
-208,6322
-225,6323
-228,6324
-212,6325
-180,6326
-142,6327
-109,6328
-91,6329
184,6330
198,6331
195,6332
171,6333
131,6334
88,6335
58,6336
52,6337
72,6338
108,6339
145,6340
169,6341
173,6342
159,6343
135,6344
112,6345
97,6346
90,6347
89,6348
89,6349
89,6350
90,6351
96,6352
111,6353
133,6354
157,6355
172,6356
170,6357
148,6358
111,6359
-77,6360
-78,6361
-89,6362
-101,6363
-106,6364
-98,6365
-82,6366
-69,6367
-70,6368
-90,6369
-122,6370
-150,6371
-157,6372
-131,6373
-73,6374
4,6375
78,6376
129,6377
146,6378
133,6379
103,6380
73,6381
58,6382
63,6383
86,6384
121,6385
162,6386
207,6387
260,6388
322,6389
102,6390
71,6391
28,6392
-21,6393
-66,6394
-98,6395
-112,6396
-110,6397
-99,6398
-87,6399
-81,6400
-81,6401
-83,6402
-83,6403
-80,6404
-77,6405
-79,6406
-90,6407
-109,6408
-131,6409
-145,6410
-141,6411
-114,6412
-69,6413
-18,6414
23,6415
39,6416
23,6417
-21,6418
-80,6419
-15,6420
-37,6421
-63,6422
-88,6423
-104,6424
-102,6425
-78,6426
-36,6427
13,6428
56,6429
84,6430
94,6431
89,6432
75,6433
60,6434
47,6435
37,6436
28,6437
19,6438
13,6439
16,6440
33,6441
65,6442
108,6443
151,6444
181,6445
187,6446
167,6447
129,6448
88,6449
76,6450
68,6451
47,6452
20,6453
-2,6454
-10,6455
-2,6456
16,6457
32,6458
35,6459
22,6460
-3,6461
-31,6462
-52,6463
-59,6464
-55,6465
-48,6466
-50,6467
-68,6468
-100,6469
-137,6470
-166,6471
-177,6472
-167,6473
-140,6474
-108,6475
-82,6476
-70,6477
-71,6478
-80,6479
318,6480
323,6481
336,6482
347,6483
347,6484
331,6485
302,6486
271,6487
248,6488
238,6489
237,6490
237,6491
228,6492
205,6493
170,6494
132,6495
102,6496
85,6497
79,6498
73,6499
56,6500
24,6501
-17,6502
-54,6503
-72,6504
-63,6505
-30,6506
13,6507
49,6508
63,6509
-63,6510
-41,6511
-31,6512
-31,6513
-35,6514
-37,6515
-36,6516
-35,6517
-39,6518
-52,6519
-73,6520
-96,6521
-113,6522
-117,6523
-105,6524
-83,6525
-62,6526
-52,6527
-58,6528
-77,6529
-99,6530
-113,6531
-111,6532
-93,6533
-66,6534
-41,6535
-26,6536
-23,6537
-28,6538
-33,6539
-17,6540
-50,6541
-70,6542
-70,6543
-50,6544
-18,6545
16,6546
43,6547
61,6548
73,6549
85,6550
102,6551
125,6552
148,6553
162,6554
159,6555
136,6556
99,6557
60,6558
33,6559
26,6560
38,6561
60,6562
78,6563
81,6564
65,6565
35,6566
1,6567
-25,6568
-36,6569
455,6570
381,6571
256,6572
99,6573
-64,6574
-211,6575
-331,6576
-425,6577
-501,6578
-567,6579
-623,6580
-661,6581
-670,6582
-641,6583
-573,6584
-476,6585
-366,6586
-259,6587
-165,6588
-88,6589
-25,6590
31,6591
85,6592
139,6593
189,6594
231,6595
262,6596
283,6597
301,6598
322,6599
-147,6600
-146,6601
-149,6602
-165,6603
-198,6604
-245,6605
-299,6606
-350,6607
-389,6608
-415,6609
-430,6610
-441,6611
-453,6612
-466,6613
-476,6614
-476,6615
-460,6616
-427,6617
-383,6618
-339,6619
-305,6620
-287,6621
-282,6622
-282,6623
-277,6624
-260,6625
-229,6626
-189,6627
-149,6628
-116,6629
212,6630
221,6631
243,6632
272,6633
298,6634
311,6635
307,6636
289,6637
265,6638
246,6639
240,6640
246,6641
256,6642
261,6643
253,6644
233,6645
209,6646
193,6647
194,6648
213,6649
241,6650
264,6651
270,6652
254,6653
221,6654
184,6655
156,6656
144,6657
146,6658
153,6659
-351,6660
-505,6661
-632,6662
-726,6663
-789,6664
-828,6665
-849,6666
-854,6667
-840,6668
-802,6669
-735,6670
-639,6671
-522,6672
-399,6673
-287,6674
-198,6675
-135,6676
-94,6677
-64,6678
-33,6679
6,6680
52,6681
99,6682
138,6683
164,6684
179,6685
189,6686
201,6687
219,6688
238,6689
23,6690
0,6691
-27,6692
-49,6693
-57,6694
-47,6695
-25,6696
-3,6697
6,6698
-8,6699
-45,6700
-96,6701
-146,6702
-182,6703
-198,6704
-199,6705
-194,6706
-193,6707
-200,6708
-212,6709
-221,6710
-220,6711
-207,6712
-186,6713
-167,6714
-160,6715
-170,6716
-194,6717
-224,6718
-249,6719
55,6720
86,6721
127,6722
164,6723
186,6724
190,6725
180,6726
164,6727
150,6728
140,6729
131,6730
116,6731
91,6732
57,6733
22,6734
-4,6735
-12,6736
-1,6737
22,6738
44,6739
54,6740
45,6741
21,6742
-8,6743
-30,6744
-38,6745
-31,6746
-17,6747
-6,6748
-4,6749
129,6750
230,6751
344,6752
455,6753
547,6754
608,6755
629,6756
605,6757
535,6758
423,6759
278,6760
111,6761
-65,6762
-234,6763
-383,6764
-504,6765
-592,6766
-646,6767
-667,6768
-657,6769
-618,6770
-553,6771
-467,6772
-367,6773
-261,6774
-159,6775
-71,6776
-5,6777
36,6778
56,6779
-53,6780
-46,6781
-47,6782
-55,6783
-69,6784
-87,6785
-105,6786
-120,6787
-127,6788
-123,6789
-108,6790
-85,6791
-59,6792
-38,6793
-27,6794
-29,6795
-43,6796
-64,6797
-85,6798
-100,6799
-105,6800
-100,6801
-89,6802
-76,6803
-64,6804
-53,6805
-43,6806
-34,6807
-28,6808
-30,6809
41,6810
39,6811
36,6812
32,6813
28,6814
26,6815
29,6816
38,6817
52,6818
70,6819
88,6820
104,6821
116,6822
123,6823
126,6824
128,6825
130,6826
134,6827
139,6828
144,6829
148,6830
151,6831
152,6832
152,6833
152,6834
153,6835
157,6836
167,6837
183,6838
203,6839
-222,6840
-187,6841
-148,6842
-114,6843
-91,6844
-83,6845
-90,6846
-109,6847
-135,6848
-161,6849
-180,6850
-186,6851
-175,6852
-143,6853
-88,6854
-11,6855
85,6856
193,6857
302,6858
400,6859
475,6860
513,6861
503,6862
439,6863
321,6864
158,6865
-35,6866
-239,6867
-435,6868
-608,6869
-50,6870
0,6871
34,6872
36,6873
4,6874
-53,6875
-116,6876
-165,6877
-189,6878
-185,6879
-163,6880
-135,6881
-114,6882
-104,6883
-104,6884
-107,6885
-107,6886
-102,6887
-97,6888
-101,6889
-119,6890
-150,6891
-187,6892
-220,6893
-241,6894
-249,6895
-249,6896
-250,6897
-258,6898
-273,6899
416,6900
409,6901
399,6902
376,6903
334,6904
276,6905
211,6906
152,6907
109,6908
86,6909
79,6910
80,6911
80,6912
75,6913
68,6914
65,6915
71,6916
85,6917
97,6918
95,6919
69,6920
18,6921
-44,6922
-96,6923
-113,6924
-79,6925
9,6926
139,6927
290,6928
435,6929
-251,6930
-171,6931
-117,6932
-91,6933
-87,6934
-92,6935
-93,6936
-83,6937
-63,6938
-40,6939
-27,6940
-34,6941
-65,6942
-114,6943
-170,6944
-220,6945
-255,6946
-270,6947
-266,6948
-248,6949
-222,6950
-192,6951
-161,6952
-132,6953
-108,6954
-94,6955
-92,6956
-104,6957
-127,6958
-153,6959
-234,6960
-220,6961
-182,6962
-134,6963
-91,6964
-64,6965
-58,6966
-72,6967
-100,6968
-131,6969
-157,6970
-171,6971
-170,6972
-156,6973
-132,6974
-103,6975
-74,6976
-50,6977
-34,6978
-30,6979
-40,6980
-63,6981
-96,6982
-132,6983
-163,6984
-183,6985
-188,6986
-179,6987
-163,6988
-149,6989
226,6990
248,6991
273,6992
297,6993
316,6994
327,6995
329,6996
323,6997
312,6998
301,6999
292,7000
286,7001
283,7002
283,7003
287,7004
295,7005
306,7006
318,7007
326,7008
324,7009
307,7010
272,7011
222,7012
166,7013
116,7014
86,7015
85,7016
112,7017
158,7018
208,7019
-265,7020
-252,7021
-215,7022
-160,7023
-99,7024
-49,7025
-28,7026
-46,7027
-101,7028
-179,7029
-259,7030
-319,7031
-344,7032
-330,7033
-286,7034
-229,7035
-181,7036
-162,7037
-183,7038
-246,7039
-343,7040
-457,7041
-569,7042
-661,7043
-720,7044
-737,7045
-709,7046
-641,7047
-544,7048
-434,7049
137,7050
121,7051
95,7052
59,7053
19,7054
-19,7055
-50,7056
-71,7057
-83,7058
-92,7059
-105,7060
-128,7061
-161,7062
-201,7063
-243,7064
-281,7065
-312,7066
-337,7067
-357,7068
-372,7069
-381,7070
-381,7071
-370,7072
-346,7073
-312,7074
-273,7075
-235,7076
-203,7077
-180,7078
-167,7079
-199,7080
-175,7081
-155,7082
-141,7083
-132,7084
-124,7085
-112,7086
-94,7087
-70,7088
-45,7089
-24,7090
-10,7091
-1,7092
8,7093
25,7094
53,7095
92,7096
135,7097
172,7098
197,7099
207,7100
205,7101
199,7102
196,7103
201,7104
213,7105
228,7106
241,7107
249,7108
252,7109
-69,7110
-52,7111
-32,7112
-12,7113
6,7114
22,7115
36,7116
47,7117
52,7118
46,7119
25,7120
-10,7121
-54,7122
-98,7123
-131,7124
-144,7125
-134,7126
-105,7127
-66,7128
-28,7129
2,7130
21,7131
30,7132
33,7133
31,7134
24,7135
9,7136
-16,7137
-49,7138
-84,7139
-813,7140
-828,7141
-810,7142
-764,7143
-697,7144
-619,7145
-542,7146
-476,7147
-428,7148
-398,7149
-379,7150
-358,7151
-322,7152
-262,7153
-175,7154
-68,7155
46,7156
153,7157
243,7158
312,7159
363,7160
403,7161
436,7162
463,7163
480,7164
479,7165
455,7166
408,7167
344,7168
275,7169
-146,7170
-130,7171
-115,7172
-109,7173
-115,7174
-131,7175
-151,7176
-169,7177
-182,7178
-191,7179
-199,7180
-209,7181
-220,7182
-228,7183
-228,7184
-216,7185
-193,7186
-163,7187
-134,7188
-113,7189
-104,7190
-105,7191
-111,7192
-116,7193
-115,7194
-107,7195
-95,7196
-83,7197
-76,7198
-75,7199
85,7200
60,7201
46,7202
47,7203
59,7204
75,7205
86,7206
88,7207
83,7208
77,7209
76,7210
84,7211
101,7212
121,7213
138,7214
148,7215
151,7216
149,7217
147,7218
145,7219
140,7220
128,7221
103,7222
65,7223
18,7224
-28,7225
-61,7226
-72,7227
-60,7228
-30,7229
-227,7230
-247,7231
-251,7232
-238,7233
-211,7234
-179,7235
-150,7236
-128,7237
-112,7238
-97,7239
-80,7240
-60,7241
-42,7242
-32,7243
-37,7244
-58,7245
-90,7246
-122,7247
-143,7248
-145,7249
-128,7250
-101,7251
-75,7252
-60,7253
-60,7254
-71,7255
-82,7256
-82,7257
-64,7258
-24,7259
-7,7260
-9,7261
-1,7262
16,7263
37,7264
55,7265
62,7266
53,7267
30,7268
0,7269
-29,7270
-50,7271
-61,7272
-65,7273
-68,7274
-76,7275
-91,7276
-111,7277
-132,7278
-148,7279
-157,7280
-159,7281
-158,7282
-159,7283
-163,7284
-168,7285
-171,7286
-167,7287
-153,7288
-131,7289
84,7290
77,7291
69,7292
66,7293
69,7294
77,7295
85,7296
89,7297
88,7298
83,7299
79,7300
79,7301
86,7302
98,7303
111,7304
120,7305
123,7306
120,7307
115,7308
112,7309
114,7310
120,7311
127,7312
130,7313
127,7314
121,7315
118,7316
123,7317
139,7318
163,7319
19,7320
30,7321
45,7322
64,7323
84,7324
98,7325
98,7326
81,7327
49,7328
11,7329
-23,7330
-43,7331
-46,7332
-35,7333
-18,7334
-3,7335
6,7336
9,7337
11,7338
17,7339
30,7340
47,7341
61,7342
64,7343
50,7344
18,7345
-28,7346
-78,7347
-123,7348
-158,7349
367,7350
361,7351
303,7352
194,7353
45,7354
-124,7355
-293,7356
-448,7357
-583,7358
-701,7359
-807,7360
-901,7361
-977,7362
-1022,7363
-1024,7364
-977,7365
-886,7366
-765,7367
-633,7368
-505,7369
-390,7370
-290,7371
-201,7372
-120,7373
-47,7374
12,7375
50,7376
61,7377
47,7378
20,7379
12,7380
17,7381
17,7382
8,7383
-11,7384
-35,7385
-57,7386
-70,7387
-71,7388
-62,7389
-48,7390
-37,7391
-33,7392
-38,7393
-48,7394
-57,7395
-61,7396
-59,7397
-55,7398
-56,7399
-67,7400
-88,7401
-115,7402
-140,7403
-154,7404
-153,7405
-139,7406
-120,7407
-107,7408
-107,7409
148,7410
155,7411
155,7412
145,7413
127,7414
108,7415
97,7416
99,7417
114,7418
134,7419
150,7420
154,7421
144,7422
123,7423
100,7424
82,7425
74,7426
76,7427
84,7428
92,7429
96,7430
94,7431
87,7432
78,7433
69,7434
60,7435
50,7436
38,7437
25,7438
15,7439
-139,7440
-109,7441
-71,7442
-37,7443
-20,7444
-28,7445
-58,7446
-100,7447
-141,7448
-167,7449
-172,7450
-157,7451
-129,7452
-97,7453
-70,7454
-52,7455
-43,7456
-41,7457
-45,7458
-53,7459
-64,7460
-77,7461
-90,7462
-100,7463
-104,7464
-101,7465
-93,7466
-85,7467
-81,7468
-82,7469
-51,7470
-20,7471
16,7472
56,7473
97,7474
133,7475
158,7476
166,7477
154,7478
125,7479
87,7480
50,7481
22,7482
7,7483
3,7484
6,7485
11,7486
16,7487
22,7488
32,7489
49,7490
70,7491
88,7492
96,7493
88,7494
63,7495
27,7496
-9,7497
-34,7498
-42,7499
-101,7500
-92,7501
-82,7502
-77,7503
-79,7504
-87,7505
-96,7506
-98,7507
-88,7508
-65,7509
-33,7510
0,7511
26,7512
40,7513
43,7514
40,7515
39,7516
45,7517
59,7518
77,7519
95,7520
108,7521
116,7522
120,7523
125,7524
133,7525
144,7526
154,7527
159,7528
156,7529
-1,7530
-2,7531
-17,7532
-40,7533
-61,7534
-72,7535
-70,7536
-58,7537
-46,7538
-45,7539
-59,7540
-87,7541
-119,7542
-141,7543
-140,7544
-112,7545
-62,7546
-3,7547
51,7548
86,7549
96,7550
81,7551
47,7552
3,7553
-43,7554
-85,7555
-120,7556
-147,7557
-165,7558
-173,7559
-152,7560
-290,7561
-408,7562
-511,7563
-603,7564
-682,7565
-738,7566
-760,7567
-741,7568
-681,7569
-588,7570
-477,7571
-365,7572
-265,7573
-182,7574
-114,7575
-55,7576
-1,7577
50,7578
98,7579
142,7580
182,7581
219,7582
257,7583
297,7584
337,7585
372,7586
396,7587
402,7588
390,7589
-200,7590
-186,7591
-165,7592
-141,7593
-120,7594
-106,7595
-102,7596
-106,7597
-113,7598
-116,7599
-111,7600
-97,7601
-78,7602
-59,7603
-46,7604
-42,7605
-47,7606
-59,7607
-73,7608
-86,7609
-97,7610
-108,7611
-120,7612
-133,7613
-144,7614
-147,7615
-138,7616
-116,7617
-86,7618
-57,7619
51,7620
40,7621
42,7622
53,7623
67,7624
76,7625
77,7626
69,7627
57,7628
46,7629
39,7630
36,7631
33,7632
26,7633
15,7634
4,7635
0,7636
8,7637
28,7638
54,7639
74,7640
78,7641
61,7642
25,7643
-18,7644
-55,7645
-75,7646
-74,7647
-56,7648
-29,7649
-12,7650
3,7651
14,7652
15,7653
4,7654
-17,7655
-42,7656
-65,7657
-81,7658
-90,7659
-94,7660
-95,7661
-92,7662
-80,7663
-50,7664
7,7665
95,7666
210,7667
339,7668
463,7669
561,7670
615,7671
615,7672
559,7673
452,7674
305,7675
131,7676
-56,7677
-244,7678
-423,7679
3,7680
-21,7681
-49,7682
-71,7683
-81,7684
-79,7685
-71,7686
-65,7687
-68,7688
-83,7689
-106,7690
-130,7691
-147,7692
-154,7693
-153,7694
-149,7695
-147,7696
-150,7697
-156,7698
-161,7699
-161,7700
-155,7701
-143,7702
-129,7703
-117,7704
-107,7705
-98,7706
-87,7707
-72,7708
-53,7709
196,7710
206,7711
206,7712
199,7713
191,7714
186,7715
185,7716
185,7717
181,7718
169,7719
149,7720
125,7721
104,7722
91,7723
89,7724
96,7725
106,7726
113,7727
115,7728
113,7729
112,7730
115,7731
125,7732
139,7733
152,7734
158,7735
154,7736
142,7737
127,7738
116,7739
-91,7740
-90,7741
-93,7742
-103,7743
-119,7744
-135,7745
-144,7746
-143,7747
-133,7748
-119,7749
-108,7750
-107,7751
-118,7752
-136,7753
-154,7754
-164,7755
-161,7756
-147,7757
-128,7758
-112,7759
-104,7760
-106,7761
-115,7762
-124,7763
-129,7764
-127,7765
-120,7766
-113,7767
-110,7768
-111,7769
84,7770
68,7771
59,7772
59,7773
65,7774
72,7775
73,7776
66,7777
52,7778
37,7779
26,7780
23,7781
27,7782
33,7783
35,7784
29,7785
16,7786
1,7787
-8,7788
-7,7789
4,7790
20,7791
33,7792
37,7793
31,7794
17,7795
2,7796
-8,7797
-11,7798
-7,7799
-191,7800
-190,7801
-189,7802
-187,7803
-184,7804
-183,7805
-186,7806
-194,7807
-203,7808
-208,7809
-203,7810
-186,7811
-158,7812
-125,7813
-94,7814
-71,7815
-57,7816
-48,7817
-39,7818
-25,7819
-5,7820
18,7821
38,7822
49,7823
49,7824
40,7825
28,7826
20,7827
20,7828
28,7829
72,7830
67,7831
65,7832
63,7833
56,7834
39,7835
11,7836
-24,7837
-59,7838
-84,7839
-94,7840
-88,7841
-72,7842
-54,7843
-42,7844
-40,7845
-45,7846
-51,7847
-52,7848
-46,7849
-34,7850
-22,7851
-15,7852
-17,7853
-27,7854
-40,7855
-49,7856
-51,7857
-47,7858
-42,7859
-225,7860
-400,7861
-564,7862
-711,7863
-832,7864
-916,7865
-955,7866
-944,7867
-886,7868
-792,7869
-676,7870
-553,7871
-434,7872
-327,7873
-236,7874
-162,7875
-104,7876
-61,7877
-29,7878
-1,7879
31,7880
75,7881
135,7882
210,7883
293,7884
374,7885
442,7886
490,7887
517,7888
526,7889
-72,7890
-74,7891
-80,7892
-93,7893
-111,7894
-128,7895
-136,7896
-132,7897
-116,7898
-95,7899
-78,7900
-70,7901
-73,7902
-83,7903
-92,7904
-94,7905
-87,7906
-74,7907
-62,7908
-57,7909
-63,7910
-78,7911
-99,7912
-120,7913
-136,7914
-147,7915
-156,7916
-167,7917
-182,7918
-200,7919
185,7920
179,7921
171,7922
158,7923
138,7924
111,7925
80,7926
53,7927
38,7928
41,7929
63,7930
98,7931
137,7932
171,7933
193,7934
200,7935
195,7936
181,7937
161,7938
136,7939
106,7940
70,7941
31,7942
-4,7943
-27,7944
-33,7945
-20,7946
7,7947
37,7948
60,7949
22,7950
40,7951
59,7952
73,7953
78,7954
75,7955
69,7956
68,7957
76,7958
94,7959
116,7960
134,7961
141,7962
136,7963
124,7964
114,7965
114,7966
132,7967
168,7968
220,7969
283,7970
353,7971
428,7972
506,7973
582,7974
646,7975
683,7976
674,7977
608,7978
484,7979
-49,7980
-53,7981
-64,7982
-80,7983
-96,7984
-106,7985
-109,7986
-106,7987
-101,7988
-100,7989
-105,7990
-116,7991
-129,7992
-139,7993
-144,7994
-146,7995
-148,7996
-154,7997
-166,7998
-183,7999
-199,8000
-207,8001
-202,8002
-184,8003
-159,8004
-135,8005
-118,8006
-110,8007
-108,8008
-106,8009
-83,8010
-67,8011
-39,8012
-4,8013
31,8014
58,8015
71,8016
71,8017
63,8018
55,8019
54,8020
62,8021
77,8022
93,8023
103,8024
103,8025
94,8026
82,8027
73,8028
71,8029
75,8030
81,8031
84,8032
81,8033
73,8034
65,8035
64,8036
73,8037
90,8038
110,8039
92,8040
105,8041
109,8042
101,8043
83,8044
60,8045
40,8046
26,8047
19,8048
14,8049
5,8050
-12,8051
-37,8052
-64,8053
-86,8054
-98,8055
-100,8056
-96,8057
-92,8058
-93,8059
-100,8060
-110,8061
-118,8062
-118,8063
-109,8064
-95,8065
-82,8066
-75,8067
-77,8068
-86,8069
379,8070
409,8071
434,8072
448,8073
447,8074
431,8075
405,8076
377,8077
354,8078
341,8079
337,8080
336,8081
331,8082
318,8083
296,8084
270,8085
248,8086
236,8087
235,8088
241,8089
247,8090
246,8091
235,8092
215,8093
192,8094
173,8095
161,8096
154,8097
148,8098
137,8099
-135,8100
-145,8101
-143,8102
-132,8103
-119,8104
-112,8105
-115,8106
-127,8107
-141,8108
-150,8109
-150,8110
-141,8111
-129,8112
-120,8113
-120,8114
-128,8115
-139,8116
-146,8117
-143,8118
-129,8119
-107,8120
-84,8121
-66,8122
-55,8123
-49,8124
-44,8125
-35,8126
-19,8127
2,8128
23,8129
99,8130
101,8131
104,8132
103,8133
93,8134
72,8135
43,8136
14,8137
-7,8138
-15,8139
-9,8140
7,8141
27,8142
45,8143
59,8144
70,8145
78,8146
83,8147
81,8148
67,8149
38,8150
-6,8151
-59,8152
-110,8153
-146,8154
-158,8155
-145,8156
-114,8157
-78,8158
-50,8159
605,8160
530,8161
405,8162
237,8163
40,8164
-167,8165
-363,8166
-532,8167
-665,8168
-762,8169
-826,8170
-864,8171
-881,8172
-879,8173
-857,8174
-813,8175
-745,8176
-656,8177
-552,8178
-443,8179
-340,8180
-249,8181
-172,8182
-105,8183
-40,8184
29,8185
103,8186
180,8187
253,8188
316,8189
-116,8190
-103,8191
-86,8192
-70,8193
-61,8194
-64,8195
-78,8196
-100,8197
-123,8198
-141,8199
-153,8200
-160,8201
-166,8202
-174,8203
-183,8204
-190,8205
-192,8206
-187,8207
-175,8208
-160,8209
-146,8210
-135,8211
-127,8212
-120,8213
-111,8214
-98,8215
-84,8216
-75,8217
-77,8218
-94,8219
96,8220
86,8221
73,8222
57,8223
40,8224
27,8225
24,8226
35,8227
58,8228
87,8229
113,8230
129,8231
131,8232
123,8233
113,8234
110,8235
118,8236
136,8237
157,8238
172,8239
175,8240
164,8241
142,8242
116,8243
94,8244
80,8245
74,8246
73,8247
73,8248
71,8249
-151,8250
-117,8251
-76,8252
-40,8253
-19,8254
-18,8255
-35,8256
-63,8257
-94,8258
-122,8259
-144,8260
-161,8261
-174,8262
-181,8263
-178,8264
-158,8265
-117,8266
-54,8267
27,8268
120,8269
216,8270
310,8271
399,8272
479,8273
544,8274
585,8275
586,8276
534,8277
424,8278
261,8279
-108,8280
-112,8281
-117,8282
-119,8283
-114,8284
-104,8285
-95,8286
-93,8287
-103,8288
-123,8289
-146,8290
-164,8291
-168,8292
-156,8293
-131,8294
-101,8295
-75,8296
-56,8297
-44,8298
-34,8299
-20,8300
1,8301
25,8302
45,8303
53,8304
42,8305
13,8306
-26,8307
-65,8308
-94,8309
99,8310
107,8311
119,8312
133,8313
144,8314
148,8315
146,8316
141,8317
138,8318
142,8319
154,8320
171,8321
187,8322
196,8323
196,8324
190,8325
184,8326
183,8327
190,8328
202,8329
213,8330
216,8331
207,8332
188,8333
165,8334
147,8335
141,8336
149,8337
166,8338
183,8339
-20,8340
-30,8341
-33,8342
-29,8343
-22,8344
-19,8345
-24,8346
-38,8347
-58,8348
-76,8349
-86,8350
-84,8351
-72,8352
-55,8353
-39,8354
-28,8355
-23,8356
-21,8357
-18,8358
-11,8359
-2,8360
5,8361
5,8362
-4,8363
-20,8364
-38,8365
-50,8366
-52,8367
-45,8368
-35,8369
305,8370
306,8371
298,8372
280,8373
254,8374
226,8375
201,8376
180,8377
162,8378
143,8379
121,8380
97,8381
75,8382
60,8383
57,8384
66,8385
83,8386
99,8387
106,8388
100,8389
81,8390
55,8391
31,8392
14,8393
7,8394
7,8395
10,8396
12,8397
11,8398
9,8399
-162,8400
-163,8401
-161,8402
-162,8403
-172,8404
-192,8405
-218,8406
-243,8407
-261,8408
-268,8409
-266,8410
-260,8411
-258,8412
-263,8413
-274,8414
-286,8415
-292,8416
-288,8417
-274,8418
-256,8419
-241,8420
-235,8421
-238,8422
-245,8423
-248,8424
-240,8425
-220,8426
-191,8427
-161,8428
-139,8429
19,8430
19,8431
31,8432
52,8433
74,8434
89,8435
90,8436
76,8437
50,8438
22,8439
-1,8440
-14,8441
-19,8442
-23,8443
-33,8444
-53,8445
-81,8446
-109,8447
-129,8448
-135,8449
-127,8450
-110,8451
-92,8452
-80,8453
-78,8454
-84,8455
-93,8456
-100,8457
-102,8458
-99,8459
-302,8460
-219,8461
-144,8462
-77,8463
-16,8464
40,8465
91,8466
136,8467
174,8468
207,8469
239,8470
276,8471
322,8472
378,8473
436,8474
483,8475
505,8476
492,8477
446,8478
381,8479
317,8480
274,8481
265,8482
289,8483
334,8484
381,8485
412,8486
415,8487
388,8488
337,8489
98,8490
84,8491
73,8492
63,8493
50,8494
31,8495
8,8496
-7,8497
1,8498
45,8499
125,8500
225,8501
317,8502
367,8503
352,8504
267,8505
131,8506
-24,8507
-164,8508
-263,8509
-312,8510
-318,8511
-296,8512
-260,8513
-221,8514
-183,8515
-148,8516
-118,8517
-97,8518
-93,8519
257,8520
244,8521
214,8522
179,8523
146,8524
119,8525
96,8526
74,8527
54,8528
41,8529
44,8530
70,8531
119,8532
181,8533
240,8534
279,8535
289,8536
272,8537
241,8538
214,8539
204,8540
217,8541
248,8542
285,8543
317,8544
337,8545
345,8546
346,8547
347,8548
350,8549
76,8550
170,8551
254,8552
292,8553
270,8554
198,8555
104,8556
22,8557
-25,8558
-34,8559
-22,8560
-16,8561
-42,8562
-111,8563
-218,8564
-345,8565
-470,8566
-579,8567
-671,8568
-756,8569
-844,8570
-939,8571
-1032,8572
-1104,8573
-1135,8574
-1115,8575
-1048,8576
-952,8577
-849,8578
-756,8579
-121,8580
4,8581
191,8582
411,8583
628,8584
806,8585
915,8586
937,8587
873,8588
742,8589
574,8590
406,8591
269,8592
181,8593
144,8594
143,8595
152,8596
144,8597
101,8598
19,8599
-92,8600
-212,8601
-319,8602
-395,8603
-430,8604
-422,8605
-378,8606
-311,8607
-236,8608
-167,8609
425,8610
381,8611
279,8612
144,8613
6,8614
