Sample,Data
0,1959
1,1899
2,1828
3,1782
4,1786
5,1841
6,1917
7,1977
8,1987
9,1943
10,1873
11,1814
12,1798
13,1832
14,1901
15,1967
16,1998
17,1973
18,1906
19,1837
20,1802
21,1819
22,1879
23,1954
24,1998
25,1991
26,1935
27,1867
28,1825
29,1829
30,1882
31,1955
32,2011
33,2020
34,1975
35,1902
36,1843
37,1829
38,1865
39,1929
40,1993
41,2023
42,2004
43,1943
44,1882
45,1850
46,1869
47,1931
48,2002
49,2043
50,2035
51,1979
52,1907
53,1859
54,1859
55,1909
56,1980
57,2036
58,2050
59,2007
60,1935
61,1878
62,1863
63,1902
64,1973
65,2038
66,2062
67,2032
68,1963
69,1895
70,1862
71,1880
72,1942
73,2013
74,2053
75,2041
76,1981
77,1911
78,1869
79,1874
80,1929
81,2003
82,2062
83,2073
84,2027
85,1951
86,1887
87,1869
88,1903
89,1970
90,2035
91,2064
92,2037
93,1969
94,1900
95,1867
96,1887
97,1953
98,2023
99,2067
100,2058
101,1998
102,1925
103,1879
104,1884
105,1937
106,2007
107,2063
108,2071
109,2025
110,1951
111,1892
112,1879
113,1922
114,1998
115,2067
116,2092
117,2060
118,1988
119,1917
120,1884
121,1905
122,1969
123,2042
124,2087
125,2077
126,2019
127,1949
128,1906
129,1913
130,1966
131,2035
132,2089
133,2096
134,2052
135,1977
136,1919
137,1905
138,1945
139,2017
140,2084
141,2113
142,2087
143,2023
144,1954
145,1919
146,1938
147,2000
148,2071
149,2115
150,2105
151,2046
152,1973
153,1927
154,1931
155,1985
156,2058
157,2109
158,2115
159,2069
160,2001
161,1945
162,1935
163,1974
164,2044
165,2106
166,2130
167,2097
168,2028
169,1958
170,1927
171,1949
172,2015
173,2087
174,2131
175,2122
176,2062
177,1989
178,1941
179,1942
180,1994
181,2066
182,2118
183,2123
184,2074
185,1999
186,1943
187,1932
188,1974
189,2047
190,2111
191,2137
192,2103
193,2033
194,1965
195,1935
196,1959
197,2024
198,2095
199,2133
200,2118
201,2055
202,1983
203,1941
204,1948
205,2002
206,2076
207,2126
208,2129
209,2081
210,2010
211,1955
212,1944
213,1979
214,2047
215,2111
216,2139
217,2109
218,2038
219,1971
220,1944
221,1969
222,2037
223,2111
224,2150
225,2137
226,2076
227,2003
228,1957
229,1961
230,2009
231,2079
232,2129
233,2135
234,2092
235,2022
236,1967
237,1960
238,2001
239,2071
240,2133
241,2154
242,2121
243,2047
244,1979
245,1951
246,1976
247,2041
248,2111
249,2146
250,2131
251,2073
252,2001
253,1959
254,1969
255,2028
256,2103
257,2155
258,2155
259,2103
260,2030
261,1975
262,1965
263,2004
264,2074
265,2135
266,2159
267,2133
268,2073
269,2013
270,1991
271,2022
272,2090
273,2159
274,2193
275,2169
276,2103
277,2026
278,1982
279,1993
280,2057
281,2137
282,2197
283,2207
284,2159
285,2087
286,2033
287,2022
288,2063
289,2132
290,2197
291,2221
292,2191
293,2120
294,2055
295,2029
296,2055
297,2119
298,2184
299,2212
300,2187
301,2114
302,2033
303,1982
304,1982
305,2035
306,2103
307,2147
308,2138
309,2075
310,1987
311,1921
312,1903
313,1943
314,2012
315,2077
316,2099
317,2070
318,1998
319,1931
320,1905
321,1932
322,2002
323,2074
324,2111
325,2097
326,2035
327,1963
328,1922
329,1932
330,1987
331,2059
332,2109
333,2107
334,2054
335,1976
336,1922
337,1917
338,1967
339,2045
340,2110
341,2126
342,2087
343,2009
344,1934
345,1895
346,1912
347,1972
348,2045
349,2105
350,2135
351,2145
352,2170
353,2246
354,2391
355,2601
356,2834
357,3038
358,3174
359,3227
360,3189
361,3084
362,2946
363,2822
364,2709
365,2578
366,2403
367,2171
368,1887
369,1590
370,1346
371,1199
372,1159
373,1189
374,1239
375,1270
376,1273
377,1267
378,1287
379,1346
380,1436
381,1535
382,1611
383,1641
384,1627
385,1596
386,1590
387,1632
388,1733
389,1867
390,1991
391,2073
392,2089
393,2057
394,2012
395,1998
396,2029
397,2094
398,2158
399,2193
400,2178
401,2117
402,2053
403,2018
404,2029
405,2086
406,2159
407,2209
408,2210
409,2160
410,2090
411,2039
412,2037
413,2084
414,2158
415,2216
416,2232
417,2194
418,2124
419,2061
420,2039
421,2072
422,2138
423,2205
424,2239
425,2224
426,2164
427,2098
428,2065
429,2081
430,2143
431,2215
432,2261
433,2258
434,2205
435,2133
436,2083
437,2079
438,2123
439,2195
440,2257
441,2275
442,2238
443,2165
444,2101
445,2078
446,2106
447,2173
448,2247
449,2287
450,2275
451,2215
452,2151
453,2114
454,2129
455,2185
456,2255
457,2302
458,2307
459,2258
460,2189
461,2137
462,2134
463,2181
464,2254
465,2316
466,2335
467,2299
468,2235
469,2181
470,2170
471,2210
472,2282
473,2351
474,2383
475,2364
476,2306
477,2245
478,2214
479,2233
480,2295
481,2367
482,2413
483,2410
484,2357
485,2283
486,2233
487,2233
488,2283
489,2358
490,2417
491,2434
492,2395
493,2322
494,2259
495,2233
496,2261
497,2324
498,2387
499,2413
500,2387
501,2316
502,2238
503,2191
504,2191
505,2235
506,2292
507,2326
508,2311
509,2247
510,2162
511,2099
512,2079
513,2111
514,2163
515,2203
516,2195
517,2138
518,2053
519,1979
520,1945
521,1966
522,2022
523,2075
524,2091
525,2052
526,1971
527,1887
528,1843
529,1852
530,1907
531,1971
532,2007
533,1992
534,1927
535,1849
536,1795
537,1788
538,1837
539,1908
540,1966
541,1979
542,1936
543,1861
544,1797
545,1772
546,1803
547,1870
548,1937
549,1968
550,1943
551,1879
552,1809
553,1775
554,1796
555,1857
556,1928
557,1973
558,1973
559,1925
560,1852
561,1802
562,1797
563,1845
564,1917
565,1976
566,1988
567,1948
568,1877
569,1816
570,1800
571,1837
572,1910
573,1981
574,2017
575,1993
576,1927
577,1858
578,1826
579,1846
580,1907
581,1979
582,2023
583,2018
584,1963
585,1891
586,1843
587,1844
588,1895
589,1970
590,2024
591,2034
592,1990
593,1917
594,1857
595,1839
596,1878
597,1951
598,2015
599,2037
600,2005
601,1943
602,1881
603,1854
604,1873
605,1933
606,2001
607,2042
608,2035
609,1978
610,1905
611,1855
612,1855
613,1905
614,1977
615,2034
616,2047
617,2005
618,1934
619,1871
620,1851
621,1886
622,1958
623,2025
624,2057
625,2030
626,1961
627,1891
628,1854
629,1871
630,1934
631,2007
632,2052
633,2043
634,1987
635,1912
636,1864
637,1866
638,1917
639,1994
640,2054
641,2067
642,2022
643,1949
644,1889
645,1873
646,1908
647,1978
648,2045
649,2074
650,2046
651,1977
652,1908
653,1877
654,1897
655,1960
656,2031
657,2075
658,2068
659,2012
660,1939
661,1889
662,1889
663,1939
664,2015
665,2074
666,2085
667,2039
668,1964
669,1905
670,1892
671,1929
672,1996
673,2063
674,2091
675,2068
676,1999
677,1933
678,1899
679,1919
680,1983
681,2057
682,2094
683,2079
684,2019
685,1948
686,1903
687,1910
688,1963
689,2033
690,2086
691,2094
692,2047
693,1977
694,1919
695,1906
696,1946
697,2013
698,2078
699,2103
700,2073
701,2003
702,1933
703,1901
704,1921
705,1988
706,2063
707,2107
708,2098
709,2037
710,1962
711,1911
712,1913
713,1964
714,2038
715,2099
716,2114
717,2071
718,1993
719,1929
720,1908
721,1945
722,2014
723,2083
724,2114
725,2092
726,2029
727,1963
728,1931
729,1948
730,2010
731,2076
732,2115
733,2102
734,2046
735,1977
736,1934
737,1935
738,1982
739,2053
740,2109
741,2119
742,2075
743,1999
744,1940
745,1925
746,1965
747,2037
748,2102
749,2127
750,2100
751,2029
752,1958
753,1926
754,1946
755,2013
756,2087
757,2133
758,2126
759,2068
760,1990
761,1940
762,1939
763,1985
764,2053
765,2104
766,2113
767,2072
768,2007
769,1958
770,1949
771,1991
772,2061
773,2122
774,2146
775,2111
776,2039
777,1965
778,1933
779,1950
780,2014
781,2087
782,2129
783,2120
784,2061
785,1990
786,1946
787,1950
788,2000
789,2075
790,2129
791,2135
792,2088
793,2011
794,1951
795,1938
796,1977
797,2051
798,2114
799,2141
800,2110
801,2040
802,1973
803,1946
804,1969
805,2033
806,2102
807,2141
808,2130
809,2071
810,1998
811,1954
812,1962
813,2019
814,2097
815,2150
816,2156
817,2113
818,2046
819,1996
820,1991
821,2035
822,2108
823,2169
824,2188
825,2149
826,2074
827,2004
828,1979
829,2009
830,2082
831,2160
832,2206
833,2199
834,2141
835,2070
836,2025
837,2030
838,2083
839,2152
840,2206
841,2215
842,2171
843,2100
844,2042
845,2031
846,2070
847,2135
848,2190
849,2207
850,2165
851,2085
852,2009
853,1974
854,1995
855,2055
856,2120
857,2150
858,2125
859,2051
860,1966
861,1909
862,1907
863,1955
864,2025
865,2078
866,2087
867,2042
868,1973
869,1918
870,1910
871,1953
872,2025
873,2091
874,2110
875,2075
876,2001
877,1935
878,1907
879,1933
880,1997
881,2065
882,2102
883,2089
884,2028
885,1955
886,1909
887,1913
888,1965
889,2038
890,2093
891,2099
892,2052
893,1981
894,1925
895,1907
896,1938
897,1997
898,2055
899,2087
900,2094
901,2091
902,2119
903,2207
904,2369
905,2586
906,2815
907,3002
908,3122
909,3171
910,3154
911,3082
912,2977
913,2878
914,2775
915,2641
916,2455
917,2213
918,1933
919,1650
920,1411
921,1263
922,1206
923,1213
924,1237
925,1249
926,1243
927,1245
928,1279
929,1356
930,1458
931,1552
932,1614
933,1629
934,1604
935,1573
936,1578
937,1638
938,1753
939,1892
940,2008
941,2072
942,2070
943,2027
944,1993
945,1997
946,2046
947,2118
948,2173
949,2187
950,2149
951,2082
952,2023
953,2005
954,2040
955,2113
956,2183
957,2221
958,2204
959,2145
960,2075
961,2037
962,2045
963,2101
964,2171
965,2222
966,2226
967,2180
968,2109
969,2055
970,2045
971,2093
972,2167
973,2231
974,2250
975,2215
976,2145
977,2079
978,2057
979,2086
980,2155
981,2222
982,2258
983,2241
984,2175
985,2105
986,2070
987,2086
988,2147
989,2219
990,2267
991,2268
992,2219
993,2147
994,2095
995,2089
996,2133
997,2205
998,2268
999,2291
1000,2259
1001,2193
1002,2133
1003,2116
1004,2150
1005,2220
1006,2290
1007,2324
1008,2305
1009,2242
1010,2173
1011,2135
1012,2148
1013,2207
1014,2284
1015,2339
1016,2346
1017,2301
1018,2235
1019,2193
1020,2194
1021,2245
1022,2321
1023,2379
1024,2398
1025,2361
1026,2294
1027,2233
1028,2214
1029,2247
1030,2318
1031,2390
1032,2430
1033,2414
1034,2351
1035,2282
1036,2245
1037,2257
1038,2314
1039,2386
1040,2434
1041,2436
1042,2383
1043,2308
1044,2249
1045,2235
1046,2274
1047,2343
1048,2398
1049,2415
1050,2377
1051,2299
1052,2227
1053,2195
1054,2212
1055,2267
1056,2324
1057,2347
1058,2315
1059,2234
1060,2148
1061,2089
1062,2083
1063,2125
1064,2182
1065,2218
1066,2204
1067,2138
1068,2051
1069,1982
1070,1962
1071,1990
1072,2042
1073,2086
1074,2090
1075,2038
1076,1955
1077,1882
1078,1851
1079,1873
1080,1931
1081,1990
1082,2012
1083,1985
1084,1911
1085,1835
1086,1790
1087,1799
1088,1854
1089,1923
1090,1966
1091,1963
1092,1909
1093,1832
1094,1777
1095,1773
1096,1817
1097,1887
1098,1945
1099,1959
1100,1923
1101,1852
1102,1788
1103,1766
1104,1805
1105,1878
1106,1951
1107,1985
1108,1964
1109,1899
1110,1828
1111,1789
1112,1804
1113,1866
1114,1944
1115,1997
1116,1996
1117,1943
1118,1869
1119,1818
1120,1813
1121,1860
1122,1935
1123,1998
1124,2017
1125,1983
1126,1909
1127,1845
1128,1824
1129,1857
1130,1927
1131,1997
1132,2029
1133,2007
1134,1943
1135,1873
1136,1836
1137,1850
1138,1911
1139,1983
1140,2031
1141,2029
1142,1974
1143,1898
1144,1848
1145,1844
1146,1893
1147,1962
1148,2019
1149,2034
1150,1997
1151,1929
1152,1870
1153,1852
1154,1885
1155,1953
1156,2018
1157,2050
1158,2029
1159,1965
1160,1891
1161,1851
1162,1864
1163,1923
1164,1995
1165,2041
1166,2037
1167,1983
1168,1907
1169,1858
1170,1859
1171,1911
1172,1989
1173,2050
1174,2062
1175,2018
1176,1947
1177,1886
1178,1869
1179,1901
1180,1970
1181,2034
1182,2063
1183,2039
1184,1975
1185,1907
1186,1874
1187,1891
1188,1954
1189,2023
1190,2067
1191,2061
1192,2007
1193,1937
1194,1887
1195,1890
1196,1942
1197,2014
1198,2071
1199,2083
1200,2038
1201,1963
1202,1898
1203,1882
1204,1918
1205,1994
1206,2065
1207,2095
1208,2069
1209,2003
1210,1933
1211,1900
1212,1918
1213,1978
1214,2051
1215,2097
1216,2090
1217,2029
1218,1954
1219,1903
1220,1898
1221,1946
1222,2015
1223,2071
1224,2082
1225,2041
1226,1973
1227,1916
1228,1903
1229,1942
1230,2012
1231,2077
1232,2102
1233,2075
1234,2004
1235,1935
1236,1903
1237,1925
1238,1987
1239,2058
1240,2102
1241,2097
1242,2045
1243,1976
1244,1930
1245,1926
1246,1973
1247,2045
1248,2099
1249,2111
1250,2069
1251,1998
1252,1938
1253,1919
1254,1955
1255,2024
1256,2094
1257,2127
1258,2107
1259,2039
1260,1968
1261,1931
1262,1948
1263,2010
1264,2083
1265,2125
1266,2117
1267,2058
1268,1983
1269,1932
1270,1933
1271,1981
1272,2056
1273,2108
1274,2119
1275,2076
1276,2005
1277,1949
1278,1935
1279,1972
1280,2042
1281,2107
1282,2133
1283,2105
1284,2035
1285,1967
1286,1933
1287,1949
1288,2013
1289,2088
1290,2132
1291,2123
1292,2066
1293,1989
1294,1938
1295,1935
1296,1983
1297,2060
1298,2122
1299,2137
1300,2094
1301,2019
1302,1955
1303,1937
1304,1974
1305,2046
1306,2115
1307,2140
1308,2111
1309,2042
1310,1971
1311,1939
1312,1960
1313,2027
1314,2099
1315,2139
1316,2127
1317,2069
1318,1995
1319,1950
1320,1958
1321,2013
1322,2086
1323,2137
1324,2141
1325,2094
1326,2018
1327,1961
1328,1946
1329,1987
1330,2057
1331,2124
1332,2150
1333,2122
1334,2056
1335,1989
1336,1956
1337,1975
1338,2037
1339,2111
1340,2157
1341,2150
1342,2091
1343,2017
1344,1969
1345,1969
1346,2021
1347,2094
1348,2146
1349,2151
1350,2106
1351,2032
1352,1973
1353,1956
1354,1995
1355,2066
1356,2131
1357,2157
1358,2131
1359,2067
1360,2000
1361,1971
1362,1995
1363,2068
1364,2149
1365,2197
1366,2190
1367,2132
1368,2058
1369,2006
1370,2007
1371,2058
1372,2126
1373,2179
1374,2185
1375,2139
1376,2073
1377,2019
1378,2010
1379,2051
1380,2123
1381,2183
1382,2203
1383,2173
1384,2106
1385,2039
1386,2012
1387,2037
1388,2107
1389,2180
1390,2223
1391,2211
1392,2151
1393,2077
1394,2029
1395,2025
1396,2066
1397,2125
1398,2165
1399,2165
1400,2119
1401,2047
1402,1989
1403,1970
1404,1998
1405,2057
1406,2105
1407,2116
1408,2071
1409,1992
1410,1919
1411,1890
1412,1916
1413,1989
1414,2066
1415,2111
1416,2105
1417,2047
1418,1974
1419,1925
1420,1925
1421,1976
1422,2051
1423,2107
1424,2116
1425,2071
1426,1996
1427,1935
1428,1921
1429,1959
1430,2031
1431,2098
1432,2125
1433,2095
1434,2027
1435,1960
1436,1934
1437,1956
1438,2019
1439,2091
1440,2132
1441,2119
1442,2054
1443,1975
1444,1924
1445,1933
1446,2009
1447,2127
1448,2245
1449,2339
1450,2397
1451,2447
1452,2527
1453,2659
1454,2831
1455,3021
1456,3173
1457,3224
1458,3141
1459,2963
1460,2764
1461,2581
1462,2434
1463,2317
1464,2197
1465,2021
1466,1772
1467,1486
1468,1233
1469,1076
1470,1041
1471,1115
1472,1252
1473,1382
1474,1462
1475,1474
1476,1447
1477,1427
1478,1441
1479,1500
1480,1595
1481,1690
1482,1751
1483,1761
1484,1734
1485,1711
1486,1726
1487,1798
1488,1914
1489,2039
1490,2126
1491,2147
1492,2107
1493,2051
1494,2013
1495,2023
1496,2077
1497,2149
1498,2202
1499,2210
1500,2164
1501,2092
1502,2037
1503,2026
1504,2070
1505,2145
1506,2214
1507,2235
1508,2202
1509,2133
1510,2071
1511,2045
1512,2073
1513,2139
1514,2211
1515,2249
1516,2235
1517,2178
1518,2108
1519,2066
1520,2074
1521,2130
1522,2203
1523,2256
1524,2260
1525,2207
1526,2132
1527,2075
1528,2065
1529,2109
1530,2189
1531,2257
1532,2280
1533,2247
1534,2175
1535,2107
1536,2078
1537,2099
1538,2167
1539,2244
1540,2291
1541,2281
1542,2223
1543,2149
1544,2102
1545,2105
1546,2155
1547,2226
1548,2279
1549,2285
1550,2237
1551,2167
1552,2120
1553,2113
1554,2159
1555,2233
1556,2295
1557,2317
1558,2284
1559,2217
1560,2153
1561,2129
1562,2159
1563,2232
1564,2311
1565,2356
1566,2347
1567,2292
1568,2225
1569,2188
1570,2197
1571,2256
1572,2329
1573,2382
1574,2387
1575,2344
1576,2274
1577,2227
1578,2223
1579,2271
1580,2347
1581,2411
1582,2431
1583,2396
1584,2325
1585,2261
1586,2235
1587,2259
1588,2323
1589,2385
1590,2418
1591,2402
1592,2340
1593,2270
1594,2230
1595,2236
1596,2289
1597,2355
1598,2401
1599,2398
1600,2343
1601,2259
1602,2188
1603,2161
1604,2190
1605,2249
1606,2297
1607,2306
1608,2258
1609,2175
1610,2094
1611,2054
1612,2063
1613,2113
1614,2161
1615,2179
1616,2143
1617,2065
1618,1976
1619,1921
1620,1919
1621,1963
1622,2023
1623,2058
1624,2039
1625,1972
1626,1889
1627,1829
1628,1818
1629,1854
1630,1919
1631,1971
1632,1986
1633,1946
1634,1873
1635,1805
1636,1778
1637,1802
1638,1863
1639,1928
1640,1963
1641,1945
1642,1880
1643,1807
1644,1767
1645,1781
1646,1841
1647,1918
1648,1971
1649,1973
1650,1923
1651,1847
1652,1788
1653,1776
1654,1817
1655,1891
1656,1957
1657,1981
1658,1947
1659,1880
1660,1819
1661,1801
1662,1834
1663,1905
1664,1978
1665,2013
1666,1995
1667,1929
1668,1858
1669,1819
1670,1831
1671,1890
1672,1961
1673,2008
1674,2008
1675,1957
1676,1885
1677,1835
1678,1834
1679,1883
1680,1957
1681,2018
1682,2038
1683,2003
1684,1931
1685,1867
1686,1847
1687,1881
1688,1946
1689,2011
1690,2042
1691,2021
1692,1955
1693,1885
1694,1848
1695,1863
1696,1926
1697,2001
1698,2051
1699,2050
1700,1996
1701,1923
1702,1873
1703,1870
1704,1919
1705,1991
1706,2047
1707,2061
1708,2019
1709,1946
1710,1880
1711,1852
1712,1883
1713,1951
1714,2021
1715,2058
1716,2042
1717,1983
1718,1917
1719,1879
1720,1891
1721,1947
1722,2015
1723,2061
1724,2053
1725,1995
1726,1923
1727,1873
1728,1871
1729,1922
1730,1994
1731,2055
1732,2070
1733,2033
1734,1962
1735,1902
1736,1880
1737,1911
1738,1977
1739,2043
1740,2077
1741,2059
1742,1997
1743,1926
1744,1886
1745,1901
1746,1959
1747,2029
1748,2078
1749,2075
1750,2020
1751,1945
1752,1890
1753,1884
1754,1933
1755,2006
1756,2067
1757,2082
1758,2041
1759,1969
1760,1907
1761,1889
1762,1925
1763,1995
1764,2065
1765,2101
1766,2082
1767,2020
1768,1951
1769,1914
1770,1926
1771,1983
1772,2057
1773,2100
1774,2093
1775,2035
1776,1961
1777,1910
1778,1905
1779,1954
1780,2026
1781,2084
1782,2098
1783,2061
1784,1990
1785,1927
1786,1905
1787,1935
1788,2007
1789,2077
1790,2115
1791,2092
1792,2026
1793,1956
1794,1919
1795,1935
1796,1996
1797,2067
1798,2110
1799,2100
1800,2040
1801,1963
1802,1912
1803,1911
1804,1965
1805,2039
1806,2099
1807,2115
1808,2075
1809,2002
1810,1941
1811,1918
1812,1944
1813,2011
1814,2075
1815,2106
1816,2084
1817,2019
1818,1950
1819,1915
1820,1931
1821,1992
1822,2066
1823,2110
1824,2110
1825,2060
1826,1989
1827,1943
1828,1942
1829,1987
1830,2055
1831,2105
1832,2114
1833,2069
1834,1997
1835,1936
1836,1919
1837,1955
1838,2028
1839,2096
1840,2126
1841,2103
1842,2035
1843,1963
1844,1924
1845,1939
1846,2001
1847,2077
1848,2122
1849,2115
1850,2055
1851,1979
1852,1930
1853,1932
1854,1987
1855,2063
1856,2116
1857,2127
1858,2083
1859,2009
1860,1944
1861,1926
1862,1960
1863,2029
1864,2097
1865,2133
1866,2116
1867,2055
1868,1986
1869,1949
1870,1964
1871,2023
1872,2098
1873,2141
1874,2135
1875,2081
1876,2009
1877,1963
1878,1964
1879,2013
1880,2086
1881,2141
1882,2156
1883,2117
1884,2047
1885,1991
1886,1977
1887,2009
1888,2074
1889,2133
1890,2156
1891,2127
1892,2060
1893,1997
1894,1970
1895,1995
1896,2065
1897,2138
1898,2185
1899,2180
1900,2125
1901,2047
1902,1995
1903,1995
1904,2051
1905,2127
1906,2191
1907,2207
1908,2166
1909,2090
1910,2023
1911,2001
1912,2033
1913,2098
1914,2159
1915,2180
1916,2151
1917,2081
1918,2007
1919,1966
1920,1974
1921,2024
1922,2082
1923,2111
1924,2097
1925,2034
1926,1958
1927,1909
1928,1910
1929,1960
1930,2031
1931,2092
1932,2105
1933,2064
1934,1994
1935,1935
1936,1918
1937,1958
1938,2029
1939,2095
1940,2122
1941,2095
1942,2027
1943,1956
1944,1917
1945,1935
1946,2006
1947,2083
1948,2131
1949,2121
1950,2060
1951,1980
1952,1929
1953,1927
1954,1975
1955,2044
1956,2099
1957,2107
1958,2063
1959,1991
1960,1934
1961,1923
1962,1973
1963,2075
1964,2189
1965,2283
1966,2343
1967,2379
1968,2429
1969,2523
1970,2672
1971,2861
1972,3039
1973,3151
1974,3143
1975,3013
1976,2825
1977,2646
1978,2498
1979,2382
1980,2281
1981,2155
1982,1958
1983,1695
1984,1420
1985,1205
1986,1103
1987,1128
1988,1242
1989,1381
1990,1487
1991,1526
1992,1508
1993,1475
1994,1465
1995,1499
1996,1580
1997,1674
1998,1743
1999,1766
2000,1745
2001,1715
2002,1712
2003,1756
2004,1853
2005,1977
2006,2085
2007,2139
2008,2130
2009,2075
2010,2022
2011,2009
2012,2046
2013,2118
2014,2182
2015,2213
2016,2182
2017,2109
2018,2038
2019,2009
2020,2031
2021,2099
2022,2173
2023,2217
2024,2206
2025,2149
2026,2085
2027,2045
2028,2053
2029,2109
2030,2187
2031,2243
2032,2249
2033,2201
2034,2122
2035,2061
2036,2047
2037,2087
2038,2158
2039,2221
2040,2247
2041,2218
2042,2149
2043,2081
2044,2053
2045,2075
2046,2142
2047,2216
2048,2257
2049,2247
2050,2185
2051,2109
2052,2065
2053,2071
2054,2127
2055,2202
2056,2259
2057,2271
2058,2234
2059,2169
2060,2114
2061,2101
2062,2137
2063,2206
2064,2268
2065,2290
2066,2260
2067,2193
2068,2131
2069,2105
2070,2131
2071,2195
2072,2262
2073,2298
2074,2287
2075,2231
2076,2164
2077,2123
2078,2136
2079,2197
2080,2279
2081,2339
2082,2349
2083,2301
2084,2229
2085,2177
2086,2171
2087,2219
2088,2294
2089,2362
2090,2391
2091,2367
2092,2309
2093,2247
2094,2218
2095,2239
2096,2300
2097,2365
2098,2402
2099,2393
2100,2343
2101,2279
2102,2239
2103,2250
2104,2308
2105,2379
2106,2428
2107,2428
2108,2378
2109,2302
2110,2245
2111,2232
2112,2266
2113,2330
2114,2388
2115,2403
2116,2363
2117,2285
2118,2206
2119,2159
2120,2169
2121,2221
2122,2278
2123,2302
2124,2275
2125,2204
2126,2119
2127,2060
2128,2053
2129,2092
2130,2145
2131,2175
2132,2161
2133,2096
2134,2006
2135,1937
2136,1913
2137,1942
2138,2003
2139,2057
2140,2068
2141,2027
2142,1947
2143,1871
2144,1834
2145,1850
2146,1905
2147,1965
2148,1997
2149,1978
2150,1909
2151,1828
2152,1780
2153,1783
2154,1836
2155,1906
2156,1959
2157,1963
2158,1915
2159,1845
2160,1790
2161,1780
2162,1821
2163,1890
2164,1950
2165,1974
2166,1945
2167,1876
2168,1812
2169,1786
2170,1815
2171,1883
2172,1951
2173,1988
2174,1973
2175,1917
2176,1853
2177,1820
2178,1834
2179,1890
2180,1962
2181,2011
2182,2012
2183,1961
2184,1887
2185,1835
2186,1827
2187,1869
2188,1943
2189,2006
2190,2025
2191,1989
2192,1919
2193,1855
2194,1831
2195,1863
2196,1930
2197,1999
2198,2037
2199,2021
2200,1961
2201,1893
2202,1854
2203,1866
2204,1923
2205,1997
2206,2050
2207,2052
2208,1999
2209,1925
2210,1869
2211,1860
2212,1903
2213,1972
2214,2033
2215,2054
2216,2019
2217,1950
2218,1886
2219,1861
2220,1886
2221,1954
2222,2026
2223,2063
2224,2043
2225,1980
2226,1909
2227,1871
2228,1882
2229,1938
2230,2008
2231,2055
2232,2055
2233,2005
2234,1934
2235,1881
2236,1871
2237,1915
2238,1990
2239,2053
2240,2075
2241,2042
2242,1973
2243,1907
2244,1879
2245,1906
2246,1971
2247,2039
2248,2077
2249,2063
2250,1998
2251,1923
2252,1875
2253,1881
2254,1941
2255,2018
2256,2070
2257,2074
2258,2025
2259,1951
2260,1894
2261,1885
2262,1929
2263,1998
2264,2058
2265,2075
2266,2038
2267,1965
2268,1903
2269,1884
2270,1915
2271,1985
2272,2056
2273,2090
2274,2071
2275,2007
2276,1935
2277,1893
2278,1905
2279,1962
2280,2035
2281,2084
2282,2082
2283,2031
2284,1959
2285,1906
2286,1900
2287,1945
2288,2017
2289,2082
2290,2100
2291,2063
2292,1991
2293,1928
2294,1905
2295,1933
2296,1998
2297,2067
2298,2101
2299,2085
2300,2021
2301,1949
2302,1908
2303,1919
2304,1977
2305,2047
2306,2093
2307,2091
2308,2040
2309,1966
2310,1915
2311,1915
2312,1965
2313,2039
2314,2098
2315,2111
2316,2067
2317,1994
2318,1932
2319,1913
2320,1949
2321,2015
2322,2082
2323,2111
2324,2090
2325,2023
2326,1950
2327,1910
2328,1925
2329,1986
2330,2059
2331,2105
2332,2101
2333,2050
2334,1977
2335,1928
2336,1926
2337,1974
2338,2047
2339,2105
2340,2118
2341,2079
2342,2009
2343,1945
2344,1922
2345,1956
2346,2025
2347,2092
2348,2122
2349,2102
2350,2039
2351,1971
2352,1937
2353,1951
2354,2015
2355,2090
2356,2139
2357,2134
2358,2076
2359,1996
2360,1939
2361,1931
2362,1974
2363,2046
2364,2109
2365,2127
2366,2091
2367,2021
2368,1958
2369,1937
2370,1969
2371,2040
2372,2113
2373,2145
2374,2122
2375,2057
2376,1986
2377,1951
2378,1962
2379,2019
2380,2090
2381,2140
2382,2136
2383,2082
2384,2006
2385,1951
2386,1943
2387,1987
2388,2061
2389,2122
2390,2141
2391,2109
2392,2045
2393,1987
2394,1965
2395,1995
2396,2065
2397,2132
2398,2167
2399,2147
2400,2085
2401,2018
2402,1986
2403,2004
2404,2065
2405,2137
2406,2183
2407,2175
2408,2115
2409,2035
2410,1978
2411,1977
2412,2027
2413,2107
2414,2173
2415,2195
2416,2160
2417,2091
2418,2025
2419,2001
2420,2029
2421,2093
2422,2158
2423,2194
2424,2175
2425,2117
2426,2051
2427,2013
2428,2028
2429,2088
2430,2159
2431,2205
2432,2197
2433,2134
2434,2051
2435,1993
2436,1986
2437,2031
2438,2101
2439,2154
2440,2161
2441,2109
2442,2023
2443,1947
2444,1917
2445,1939
2446,2003
2447,2073
2448,2105
2449,2083
2450,2020
2451,1956
2452,1924
2453,1937
2454,1994
2455,2069
2456,2115
2457,2111
2458,2058
2459,1983
2460,1933
2461,1930
2462,1978
2463,2051
2464,2106
2465,2118
2466,2078
2467,2003
2468,1943
2469,1927
2470,1964
2471,2031
2472,2094
2473,2123
2474,2094
2475,2023
2476,1957
2477,1926
2478,1942
2479,1999
2480,2067
2481,2117
2482,2127
2483,2105
2484,2086
2485,2110
2486,2201
2487,2363
2488,2558
2489,2749
2490,2897
2491,2977
2492,3002
2493,2997
2494,2967
2495,2913
2496,2846
2497,2759
2498,2621
2499,2424
2500,2182
2501,1926
2502,1686
2503,1491
2504,1363
2505,1300
2506,1279
2507,1271
2508,1257
2509,1251
2510,1271
2511,1333
2512,1437
2513,1554
2514,1643
2515,1675
2516,1651
2517,1606
2518,1579
2519,1602
2520,1678
2521,1791
2522,1907
2523,1988
2524,2020
2525,2005
2526,1978
2527,1975
2528,2015
2529,2087
2530,2157
2531,2195
2532,2185
2533,2130
2534,2059
2535,2012
2536,2014
2537,2068
2538,2145
2539,2204
2540,2219
2541,2179
2542,2109
2543,2051
2544,2030
2545,2066
2546,2137
2547,2202
2548,2227
2549,2199
2550,2136
2551,2071
2552,2041
2553,2065
2554,2126
2555,2194
2556,2234
2557,2223
2558,2166
2559,2097
2560,2053
2561,2054
2562,2103
2563,2175
2564,2231
2565,2245
2566,2202
2567,2130
2568,2068
2569,2050
2570,2087
2571,2155
2572,2217
2573,2245
2574,2219
2575,2155
2576,2091
2577,2067
2578,2090
2579,2153
2580,2218
2581,2258
2582,2247
2583,2194
2584,2131
2585,2094
2586,2103
2587,2159
2588,2238
2589,2296
2590,2309
2591,2261
2592,2189
2593,2127
2594,2110
2595,2151
2596,2224
2597,2294
2598,2326
2599,2302
2600,2239
2601,2175
2602,2148
2603,2171
2604,2241
2605,2317
2606,2363
2607,2357
2608,2300
2609,2232
2610,2191
2611,2200
2612,2255
2613,2331
2614,2389
2615,2403
2616,2365
2617,2297
2618,2246
2619,2235
2620,2274
2621,2344
2622,2409
2623,2433
2624,2399
2625,2324
2626,2249
2627,2216
2628,2234
2629,2295
2630,2366
2631,2406
2632,2392
2633,2328
2634,2251
2635,2199
2636,2196
2637,2239
2638,2303
2639,2343
2640,2335
2641,2274
2642,2187
2643,2114
2644,2087
2645,2114
2646,2170
2647,2218
2648,2226
2649,2181
2650,2097
2651,2015
2652,1969
2653,1973
2654,2019
2655,2075
2656,2100
2657,2074
2658,2001
2659,1918
2660,1864
2661,1861
2662,1903
2663,1965
2664,2008
2665,2009
2666,1958
2667,1879
2668,1814
2669,1796
2670,1831
2671,1897
2672,1959
2673,1985
2674,1954
2675,1883
2676,1817
2677,1786
2678,1809
2679,1874
2680,1945
2681,1983
2682,1975
2683,1915
2684,1842
2685,1794
2686,1799
2687,1853
2688,1926
2689,1979
2690,1989
2691,1946
2692,1876
2693,1824
2694,1815
2695,1858
2696,1929
2697,1990
2698,2012
2699,1982
2700,1912
2701,1848
2702,1823
2703,1852
2704,1919
2705,1990
2706,2029
2707,2018
2708,1958
2709,1884
2710,1839
2711,1845
2712,1899
2713,1972
2714,2027
2715,2035
2716,1993
2717,1923
2718,1867
2719,1855
2720,1892
2721,1958
2722,2017
2723,2037
2724,2006
2725,1940
2726,1877
2727,1851
2728,1878
2729,1945
2730,2015
2731,2053
2732,2037
2733,1977
2734,1906
2735,1863
2736,1869
2737,1925
2738,2001
2739,2058
2740,2064
2741,2015
2742,1946
2743,1893
2744,1883
2745,1925
2746,1996
2747,2059
2748,2081
2749,2047
2750,1980
2751,1913
2752,1882
2753,1907
2754,1971
2755,2041
2756,2079
2757,2065
2758,2005
2759,1931
2760,1886
2761,1891
2762,1945
2763,2015
2764,2069
2765,2074
2766,2027
2767,1954
2768,1899
2769,1889
2770,1931
2771,2002
2772,2063
2773,2083
2774,2047
2775,1980
2776,1915
2777,1887
2778,1914
2779,1979
2780,2047
2781,2083
2782,2069
2783,2009
2784,1939
2785,1898
2786,1904
2787,1959
2788,2035
2789,2089
2790,2094
2791,2046
2792,1975
2793,1919
2794,1908
2795,1947
2796,2018
2797,2081
2798,2101
2799,2067
2800,1995
2801,1929
2802,1902
2803,1928
2804,1996
2805,2069
2806,2108
2807,2092
2808,2031
2809,1963
2810,1921
2811,1926
2812,1975
2813,2043
2814,2098
2815,2103
2816,2051
2817,1977
2818,1919
2819,1913
2820,1956
2821,2023
2822,2083
2823,2104
2824,2075
2825,2007
2826,1941
2827,1916
2828,1942
2829,2012
2830,2084
2831,2121
2832,2101
2833,2036
2834,1963
2835,1925
2836,1935
2837,1989
2838,2062
2839,2111
2840,2114
2841,2065
2842,1993
2843,1939
2844,1931
2845,1974
2846,2045
2847,2105
2848,2123
2849,2085
2850,2012
2851,1947
2852,1925
2853,1953
2854,2019
2855,2087
2856,2121
2857,2103
2858,2039
2859,1971
2860,1933
2861,1948
2862,2006
2863,2077
2864,2121
2865,2118
2866,2066
2867,1992
2868,1940
2869,1933
2870,1978
2871,2055
2872,2119
2873,2142
2874,2104
2875,2029
2876,1963
2877,1937
2878,1959
2879,2021
2880,2091
2881,2125
2882,2111
2883,2051
2884,1983
2885,1944
2886,1957
2887,2014
2888,2087
2889,2134
2890,2133
2891,2079
2892,2004
2893,1950
2894,1945
2895,1990
2896,2062
2897,2124
2898,2147
2899,2110
2900,2037
2901,1971
2902,1949
2903,1978
2904,2044
2905,2115
2906,2149
2907,2128
2908,2061
2909,1987
2910,1945
2911,1957
2912,2014
2913,2087
2914,2137
2915,2135
2916,2083
2917,2006
2918,1953
2919,1948
2920,1995
2921,2068
2922,2129
2923,2147
2924,2111
2925,2039
2926,1974
2927,1948
2928,1977
2929,2045
2930,2119
2931,2156
2932,2139
2933,2076
2934,2003
2935,1962
2936,1970
2937,2027
2938,2101
2939,2151
2940,2149
2941,2099
2942,2026
2943,1973
2944,1967
2945,2010
2946,2078
2947,2134
2948,2149
2949,2110
2950,2039
2951,1976
2952,1957
2953,1993
2954,2066
2955,2139
2956,2172
2957,2152
2958,2089
2959,2017
2960,1980
2961,1997
2962,2062
2963,2138
2964,2186
2965,2185
2966,2132
2967,2057
2968,2004
2969,1995
2970,2037
2971,2110
2972,2177
2973,2201
2974,2168
2975,2100
2976,2039
2977,2021
2978,2055
2979,2121
2980,2186
2981,2213
2982,2189
2983,2127
2984,2063
2985,2031
2986,2045
2987,2106
2988,2177
2989,2221
2990,2216
2991,2155
2992,2075
2993,2014
2994,2001
2995,2041
2996,2109
2997,2166
2998,2180
2999,2139
3000,2062
3001,1989
3002,1951
3003,1965
3004,2019
3005,2077
3006,2104
3007,2081
3008,2014
3009,1947
3010,1917
3011,1939
3012,2002
3013,2074
3014,2119
3015,2114
3016,2058
3017,1982
3018,1929
3019,1921
3020,1963
3021,2034
3022,2091
3023,2104
3024,2070
3025,2004
3026,1945
3027,1927
3028,1956
3029,2020
3030,2084
3031,2115
3032,2091
3033,2025
3034,1955
3035,1917
3036,1932
3037,1989
3038,2054
3039,2090
3040,2075
3041,2014
3042,1947
3043,1919
3044,1966
3045,2089
3046,2261
3047,2439
3048,2591
3049,2701
3050,2779
3051,2847
3052,2937
3053,3045
3054,3133
3055,3142
3056,3044
3057,2855
3058,2615
3059,2369
3060,2162
3061,2005
3062,1880
3063,1751
3064,1602
3065,1440
3066,1287
3067,1176
3068,1134
3069,1168
3070,1272
3071,1405
3072,1517
3073,1575
3074,1569
3075,1529
3076,1502
3077,1520
3078,1595
3079,1710
3080,1828
3081,1912
3082,1947
3083,1944
3084,1933
3085,1941
3086,1987
3087,2063
3088,2140
3089,2185
3090,2179
3091,2123
3092,2051
3093,2001
3094,1999
3095,2052
3096,2125
3097,2182
3098,2201
3099,2163
3100,2097
3101,2041
3102,2026
3103,2061
3104,2127
3105,2195
3106,2222
3107,2199
3108,2134
3109,2066
3110,2027
3111,2043
3112,2106
3113,2179
3114,2222
3115,2221
3116,2171
3117,2102
3118,2054
3119,2054
3120,2103
3121,2175
3122,2233
3123,2246
3124,2202
3125,2131
3126,2073
3127,2055
3128,2089
3129,2157
3130,2226
3131,2255
3132,2233
3133,2166
3134,2097
3135,2061
3136,2078
3137,2142
3138,2215
3139,2261
3140,2257
3141,2206
3142,2135
3143,2087
3144,2086
3145,2137
3146,2213
3147,2273
3148,2289
3149,2250
3150,2183
3151,2125
3152,2108
3153,2145
3154,2213
3155,2281
3156,2314
3157,2294
3158,2236
3159,2173
3160,2146
3161,2169
3162,2235
3163,2307
3164,2353
3165,2346
3166,2292
3167,2222
3168,2183
3169,2191
3170,2247
3171,2323
3172,2382
3173,2393
3174,2353
3175,2285
3176,2232
3177,2219
3178,2258
3179,2331
3180,2398
3181,2427
3182,2403
3183,2339
3184,2270
3185,2234
3186,2248
3187,2311
3188,2380
3189,2422
3190,2413
3191,2353
3192,2271
3193,2218
3194,2207
3195,2251
3196,2313
3197,2358
3198,2357
3199,2303
3200,2218
3201,2147
3202,2118
3203,2143
3204,2199
3205,2251
3206,2260
3207,2214
3208,2126
3209,2042
3210,1995
3211,2001
3212,2052
3213,2109
3214,2138
3215,2114
3216,2039
3217,1954
3218,1893
3219,1882
3220,1922
3221,1981
3222,2026
3223,2026
3224,1974
3225,1894
3226,1829
3227,1807
3228,1842
3229,1911
3230,1973
3231,1997
3232,1965
3233,1894
3234,1818
3235,1785
3236,1804
3237,1868
3238,1941
3239,1985
3240,1975
3241,1916
3242,1844
3243,1800
3244,1801
3245,1850
3246,1918
3247,1969
3248,1977
3249,1937
3250,1871
3251,1816
3252,1804
3253,1842
3254,1914
3255,1979
3256,2007
3257,1977
3258,1908
3259,1837
3260,1805
3261,1825
3262,1886
3263,1957
3264,2000
3265,1993
3266,1938
3267,1867
3268,1826
3269,1835
3270,1891
3271,1966
3272,2021
3273,2029
3274,1982
3275,1907
3276,1849
3277,1834
3278,1868
3279,1939
3280,2005
3281,2034
3282,2005
3283,1939
3284,1870
3285,1842
3286,1865
3287,1929
3288,1999
3289,2038
3290,2026
3291,1964
3292,1889
3293,1842
3294,1845
3295,1901
3296,1977
3297,2033
3298,2043
3299,2001
3300,1931
3301,1873
3302,1860
3303,1898
3304,1965
3305,2027
3306,2051
3307,2019
3308,1951
3309,1889
3310,1863
3311,1890
3312,1955
3313,2025
3314,2061
3315,2043
3316,1980
3317,1906
3318,1862
3319,1867
3320,1924
3321,2003
3322,2060
3323,2069
3324,2019
3325,1943
3326,1883
3327,1870
3328,1910
3329,1980
3330,2042
3331,2065
3332,2035
3333,1967
3334,1901
3335,1871
3336,1895
3337,1959
3338,2027
3339,2067
3340,2053
3341,1992
3342,1922
3343,1879
3344,1886
3345,1943
3346,2021
3347,2075
3348,2081
3349,2033
3350,1958
3351,1900
3352,1889
3353,1927
3354,1993
3355,2055
3356,2078
3357,2050
3358,1981
3359,1918
3360,1894
3361,1922
3362,1985
3363,2055
3364,2092
3365,2078
3366,2018
3367,1942
3368,1897
3369,1905
3370,1961
3371,2035
3372,2093
3373,2101
3374,2053
3375,1976
3376,1917
3377,1902
3378,1942
3379,2012
3380,2078
3381,2101
3382,2070
3383,2003
3384,1941
3385,1913
3386,1937
3387,2002
3388,2073
3389,2110
3390,2093
3391,2029
3392,1958
3393,1917
3394,1929
3395,1986
3396,2061
3397,2111
3398,2115
3399,2066
3400,1991
3401,1936
3402,1925
3403,1966
3404,2034
3405,2093
3406,2113
3407,2079
3408,2011
3409,1947
3410,1919
3411,1942
3412,2006
3413,2073
3414,2109
3415,2095
3416,2035
3417,1964
3418,1924
3419,1931
3420,1989
3421,2065
3422,2118
3423,2121
3424,2070
3425,1994
3426,1940
3427,1933
3428,1977
3429,2046
3430,2110
3431,2132
3432,2099
3433,2025
3434,1955
3435,1928
3436,1955
3437,2026
3438,2099
3439,2136
3440,2119
3441,2054
3442,1976
3443,1935
3444,1947
3445,2004
3446,2078
3447,2130
3448,2133
3449,2085
3450,2011
3451,1956
3452,1944
3453,1987
3454,2058
3455,2119
3456,2139
3457,2106
3458,2039
3459,1973
3460,1945
3461,1966
3462,2029
3463,2098
3464,2131
3465,2115
3466,2054
3467,1983
3468,1944
3469,1958
3470,2018
3471,2097
3472,2148
3473,2147
3474,2093
3475,2018
3476,1961
3477,1950
3478,1992
3479,2065
3480,2127
3481,2148
3482,2113
3483,2044
3484,1977
3485,1954
3486,1981
3487,2047
3488,2119
3489,2159
3490,2143
3491,2081
3492,2005
3493,1964
3494,1973
3495,2029
3496,2103
3497,2151
3498,2153
3499,2099
3500,2023
3501,1964
3502,1957
3503,2003
3504,2078
3505,2141
3506,2163
3507,2127
3508,2054
3509,1982
3510,1953
3511,1979
3512,2045
3513,2113
3514,2146
3515,2127
3516,2063
3517,1994
3518,1958
3519,1974
3520,2035
3521,2108
3522,2158
3523,2159
3524,2108
3525,2035
3526,1979
3527,1966
3528,2003
3529,2072
3530,2129
3531,2149
3532,2115
3533,2045
3534,1987
3535,1970
3536,2006
3537,2078
3538,2149
3539,2182
3540,2163
3541,2101
3542,2036
3543,2003
3544,2021
3545,2082
3546,2151
3547,2195
3548,2193
3549,2135
3550,2058
3551,2003
3552,1998
3553,2046
3554,2126
3555,2196
3556,2223
3557,2195
3558,2126
3559,2062
3560,2035
3561,2059
3562,2120
3563,2187
3564,2223
3565,2209
3566,2151
3567,2083
3568,2041
3569,2050
3570,2101
3571,2168
3572,2209
3573,2199
3574,2142
3575,2063
3576,2006
3577,1999
3578,2045
3579,2118
3580,2174
3581,2183
3582,2131
3583,2037
3584,1955
3585,1916
3586,1938
3587,1999
3588,2069
3589,2104
3590,2087
3591,2025
3592,1957
3593,1917
3594,1931
3595,1992
3596,2069
3597,2119
3598,2119
3599,2066
3600,1990
3601,1938
3602,1934
3603,1982
3604,2053
3605,2110
3606,2124
3607,2082
3608,2006
3609,1941
3610,1917
3611,1950
3612,2025
3613,2099
3614,2132
3615,2108
3616,2037
3617,1961
3618,1915
3619,1919
3620,1966
3621,2026
3622,2064
3623,2067
3624,2041
3625,2025
3626,2058
3627,2161
3628,2335
3629,2553
3630,2772
3631,2947
3632,3045
3633,3089
3634,3096
3635,3075
3636,3023
3637,2954
3638,2856
3639,2710
3640,2509
3641,2263
3642,2004
3643,1761
3644,1557
3645,1420
3646,1345
3647,1306
3648,1276
3649,1239
3650,1208
3651,1217
3652,1274
3653,1373
3654,1485
3655,1574
3656,1619
3657,1612
3658,1577
3659,1556
3660,1582
3661,1662
3662,1787
3663,1917
3664,2015
3665,2057
3666,2039
3667,1999
3668,1980
3669,2003
3670,2063
3671,2131
3672,2178
3673,2174
3674,2123
3675,2054
3676,2006
3677,2004
3678,2054
3679,2127
3680,2185
3681,2194
3682,2151
3683,2087
3684,2031
3685,2017
3686,2054
3687,2123
3688,2189
3689,2217
3690,2195
3691,2133
3692,2069
3693,2037
3694,2057
3695,2119
3696,2193
3697,2237
3698,2230
3699,2173
3700,2101
3701,2052
3702,2046
3703,2098
3704,2173
3705,2230
3706,2243
3707,2202
3708,2133
3709,2073
3710,2056
3711,2090
3712,2157
3713,2223
3714,2255
3715,2234
3716,2169
3717,2103
3718,2071
3719,2090
3720,2149
3721,2220
3722,2263
3723,2259
3724,2207
3725,2141
3726,2098
3727,2102
3728,2153
3729,2228
3730,2283
3731,2294
3732,2250
3733,2177
3734,2117
3735,2102
3736,2141
3737,2215
3738,2286
3739,2321
3740,2302
3741,2242
3742,2179
3743,2150
3744,2173
3745,2238
3746,2311
3747,2357
3748,2354
3749,2302
3750,2238
3751,2198
3752,2209
3753,2268
3754,2350
3755,2409
3756,2420
3757,2377
3758,2302
3759,2239
3760,2224
3761,2262
3762,2333
3763,2402
3764,2431
3765,2407
3766,2339
3767,2270
3768,2235
3769,2250
3770,2309
3771,2378
3772,2418
3773,2407
3774,2350
3775,2273
3776,2218
3777,2212
3778,2253
3779,2317
3780,2363
3781,2363
3782,2307
3783,2215
3784,2137
3785,2103
3786,2123
3787,2173
3788,2223
3789,2237
3790,2195
3791,2113
3792,2025
3793,1970
3794,1972
3795,2020
3796,2081
3797,2111
3798,2092
3799,2022
3800,1934
3801,1870
3802,1859
3803,1897
3804,1959
3805,2007
3806,2011
3807,1963
3808,1883
3809,1817
3810,1796
3811,1827
3812,1886
3813,1945
3814,1967
3815,1939
3816,1873
3817,1804
3818,1770
3819,1789
3820,1853
3821,1927
3822,1970
3823,1962
3824,1901
3825,1825
3826,1777
3827,1779
3828,1838
3829,1917
3830,1979
3831,1993
3832,1951
3833,1877
3834,1816
3835,1797
3836,1831
3837,1901
3838,1965
3839,1991
3840,1966
3841,1904
3842,1841
3843,1814
3844,1838
3845,1903
3846,1977
3847,2019
3848,2009
3849,1950
3850,1877
3851,1827
3852,1826
3853,1875
3854,1946
3855,2002
3856,2010
3857,1969
3858,1903
3859,1853
3860,1844
3861,1880
3862,1950
3863,2015
3864,2037
3865,2004
3866,1933
3867,1868
3868,1838
3869,1863
3870,1929
3871,1999
3872,2037
3873,2026
3874,1969
3875,1895
3876,1851
3877,1857
3878,1910
3879,1985
3880,2040
3881,2047
3882,2001
3883,1930
3884,1871
3885,1854
3886,1892
3887,1967
3888,2035
3889,2061
3890,2029
3891,1959
3892,1889
3893,1859
3894,1881
3895,1943
3896,2013
3897,2056
3898,2042
3899,1982
3900,1911
3901,1867
3902,1871
3903,1925
3904,1998
3905,2054
3906,2063
3907,2014
3908,1942
3909,1884
3910,1869
3911,1903
3912,1973
3913,2037
3914,2066
3915,2039
3916,1971
3917,1902
3918,1873
3919,1896
3920,1962
3921,2034
3922,2079
3923,2070
3924,2009
3925,1937
3926,1892
3927,1892
3928,1944
3929,2019
3930,2077
3931,2085
3932,2035
3933,1962
3934,1901
3935,1887
3936,1925
3937,1994
3938,2055
3939,2077
3940,2045
3941,1974
3942,1909
3943,1882
3944,1907
3945,1973
3946,2047
3947,2087
3948,2074
3949,2009
3950,1935
3951,1891
3952,1895
3953,1947
3954,2021
3955,2077
3956,2091
3957,2047
3958,1973
3959,1914
3960,1901
3961,1942
3962,2013
3963,2077
3964,2099
3965,2065
3966,1990
3967,1923
3968,1898
3969,1925
3970,1992
3971,2067
3972,2108
3973,2097
3974,2034
3975,1962
3976,1918
3977,1924
3978,1975
3979,2045
3980,2097
3981,2105
3982,2060
3983,1989
3984,1933
3985,1923
3986,1964
3987,2033
3988,2097
3989,2119
3990,2089
3991,2019
3992,1953
3993,1925
3994,1948
3995,2011
3996,2081
3997,2119
3998,2107
3999,2052
4000,1983
4001,1941
4002,1945
4003,1992
4004,2059
4005,2106
4006,2107
4007,2058
4008,1982
4009,1930
4010,1923
4011,1969
4012,2041
4013,2106
4014,2128
4015,2094
4016,2025
4017,1957
4018,1926
4019,1949
4020,2017
4021,2093
4022,2135
4023,2126
4024,2067
4025,1992
4026,1945
4027,1948
4028,1999
4029,2069
4030,2116
4031,2120
4032,2076
4033,2003
4034,1949
4035,1938
4036,1980
4037,2051
4038,2113
4039,2131
4040,2098
4041,2027
4042,1959
4043,1929
4044,1951
4045,2019
4046,2091
4047,2132
4048,2120
4049,2058
4050,1987
4051,1946
4052,1955
4053,2011
4054,2082
4055,2134
4056,2139
4057,2091
4058,2019
4059,1965
4060,1954
4061,1997
4062,2072
4063,2135
4064,2153
4065,2117
4066,2045
4067,1978
4068,1949
4069,1974
4070,2039
4071,2106
4072,2142
4073,2129
4074,2068
4075,1993
4076,1949
4077,1957
4078,2013
4079,2085
4080,2138
4081,2143
4082,2095
4083,2024
4084,1969
4085,1960
4086,2003
4087,2076
4088,2137
4089,2152
4090,2114
4091,2039
4092,1971
4093,1944
4094,1971
4095,2038
